ID	位置	中文	한국어	備註
BO.intro.1	strings.js · 自我介紹	喔……新室友啊。嗨，我是慢寶。	아…… 새 룸메이트구나. 나는 늘보야.	
BO.intro.2	strings.js · 自我介紹	平常你大概會看到我掛在那裡，不是在睡，就是懶得動。	평소엔 저기 매달려 자거나, 그냥 안 움직여.	
BO.intro.3	strings.js · 自我介紹	不過對吃，我很認真。	대신 먹는 건 진심이야.	
BO.intro.4	strings.js · 自我介紹	火候、香氣、哪一步不能省，我都會告訴你。	맛에는 까다롭고, 불 조절이랑 향 내는 법, 절대 빼먹으면 안 되는 건 내가 딱 알려줄게.	
BO.intro.5	strings.js · 自我介紹	你負責煮，我負責讓它好吃。	맛있는 거 앞에서는 나도 달라지거든.	
BO.intro.6	strings.js · 自我介紹	住一起嘛，至少飯要吃好一點。	우리, 밥만큼은 제대로 먹고 살자.	
U1	strings.js · 介面與固定台詞	慢寶	늘보	
U2	strings.js · 介面與固定台詞	今天也要好好吃飯	오늘도 잘 챙겨 먹자	
U3	strings.js · 介面與固定台詞	螢幕任一處點一下	화면 아무 곳이나 눌러 봐	
U4	strings.js · 介面與固定台詞	我知道要吃什麼	먹고 싶은 게 있어	
U5	strings.js · 介面與固定台詞	自己翻，看到想吃的就加進菜單	직접 둘러보고, 먹고 싶은 건 오늘의 메뉴에 추가	
U6	strings.js · 介面與固定台詞	完全沒想法	아무 생각도 없어	
U7	strings.js · 介面與固定台詞	回答三個問題，慢寶幫你挑	질문 세 개만 답하면 늘보가 골라 줄게	
U8	strings.js · 介面與固定台詞	食譜牆	레시피	
U10	strings.js · 介面與固定台詞	時間	시간	
U11	strings.js · 介面與固定台詞	難度	난이도	
U12	strings.js · 介面與固定台詞	幾人份	인분	
U13	strings.js · 介面與固定台詞	備料	재료 준비	
U14	strings.js · 介面與固定台詞	步驟	조리 순서	
U15	strings.js · 介面與固定台詞	先做，不然會卡住	먼저 해 두기 — 안 하면 막혀	
U16	strings.js · 介面與固定台詞	備料完成後，從這裡開始。	재료 준비가 끝났으면 여기서 시작.	
U17	strings.js · 介面與固定台詞	注意事項	조리 팁	
U18	strings.js · 介面與固定台詞	＋ 加入今日菜單	＋ 오늘의 메뉴에 추가	
U19	strings.js · 介面與固定台詞	✓ 已在今日菜單	✓ 오늘의 메뉴	
U20	strings.js · 介面與固定台詞	今日菜單	오늘의 메뉴	
U21	strings.js · 介面與固定台詞	買菜清單	장보기 목록	
U22	strings.js · 介面與固定台詞	關閉	닫기	
U23	strings.js · 介面與固定台詞	買完了，收工	다 샀다. 끝.	
U24	strings.js · 介面與固定台詞	肉類・海鮮	고기・해산물	
U25	strings.js · 介面與固定台詞	蔬菜・水果	채소・과일	
U26	strings.js · 介面與固定台詞	冷藏食材	냉장 식재료	
U27	strings.js · 介面與固定台詞	常溫食材	상온 식재료	
U28	strings.js · 介面與固定台詞	調味料	양념	
U29	strings.js · 介面與固定台詞	家裡已有 N 樣	집에 있는 재료 N개	
U30	strings.js · 介面與固定台詞	標記為已買到	산 것으로 표시	
U31	strings.js · 介面與固定台詞	標記為未買	아직 안 산 것으로 표시	
U32	strings.js · 介面與固定台詞	標記為家裡已有	집에 있는 재료로 표시	
U33	strings.js · 介面與固定台詞	移出今日菜單	오늘의 메뉴에서 빼기	
A2	strings.js · 介面與固定台詞	{d} 天沒來。……好吧，今天吃什麼？	{d}일 만이네. …그래, 오늘 뭐 먹을래?	
A3	strings.js · 介面與固定台詞	這個時間還要煮？……好吧。	이 시간에 요리를? …그래, 해보자.	
A4	strings.js · 介面與固定台詞	又是你。……今天也要吃好的？	또 왔네. …오늘도 맛있는 거 먹으려고?	
A5	strings.js · 介面與固定台詞	回來啦。今天想吃什麼？	왔네. 오늘은 뭐 먹을래?	
D1	strings.js · 介面與固定台詞	慢慢看。挑吃的，本來就不能催。	천천히 봐. 먹을 건 서두를 필요 없잖아.	
D2	strings.js · 介面與固定台詞	{n} 道了。還要加？……行啊。	벌써 {n}개야. 더 담아? …그래.	
D3	strings.js · 介面與固定台詞	{n} 道……你今天是真的有野心喔。	{n}개… 오늘 진짜 야심찬데?	
D4	strings.js · 介面與固定台詞	還沒選。……慢慢來。	아직 안 골랐네. …천천히 해.	
D5	strings.js · 介面與固定台詞	這些買齊就夠了。別把冰箱塞滿。	장볼 건 이 정도면 돼. 냉장고까지 꽉 채우진 마.	
D6	strings.js · 介面與固定台詞	要泡要醃的先處理。你可以拖，食材不會配合。	불리거나 재울 건 먼저 해. 미뤄도 되는데, 재료는 기다려주지 않아.	
D7	strings.js · 介面與固定台詞	菜單裡有 {n} 道。你挑，我等著吃。	메뉴에 {n}개 있어. 골라. 난 먹을 준비할게.	
E1	strings.js · 介面與固定台詞	找不到這道菜。我也沒聽過。	이건 없네. 나도 처음 들어.	
UCNT	strings.js · 介面與固定台詞	N 道	N개	
DWAIT	strings.js · 介面與固定台詞	你去買，我在家等。反正我也跑不掉。	장 보고 와. 난 집에 있을게. 어차피 멀리 못 가.	
AEND	strings.js · 介面與固定台詞	那，今天吃什麼？	그럼, 오늘 뭐 먹을래?	
DBUY	strings.js · 介面與固定台詞	都買齊了，回來吧。	다 샀네. 이제 들어와.	
E2	strings.js · 介面與固定台詞	今天的菜單還沒定。那我先睡。	오늘 메뉴 아직 안 정했네. 그럼 난 먼저 잘게.	
R1.title	strings.js · R1	阿嬤紅燒雞 2.0	대만 할머니의 간장 닭조림	
R1.subtitle	strings.js · R1	阿嬤的紅燒靈魂。鹹甜醬汁拌飯，我提早下樹。	대만 할머니의 손맛. 단짠 소스에 바로 밥 비비기.	
R1.note	strings.js · R1	底味不能動，我只多做一件事：雞肉先煎出焦香再煨，醬汁才有層次。	밑맛은 건드리는 거 아니야. 딱 하나만 더 해. 닭고기 먼저 노릇하게 구운 다음 졸이면 소스에 층이 생겨.	
R1.murmur	strings.js · R1	配這鍋汁，白飯我要兩碗。	이 소스면 밥 두 공기는 간다.	
R1.stage.1	strings.js · R1	雞肉先煎香	닭고기 먼저 노릇하게	
R1.stage.2	strings.js · R1	換鍋慢慢燜	냄비 바꿔 천천히 졸이기	
R1.stage.3	strings.js · R1	大火收亮	센 불로 윤기 나게 졸이기	
R1.step.1	strings.js · R1	平底鍋下油，大火熱鍋後放入雞翅和棒棒腿，翻面煎到各面微微金黃，並逼出雞油。	팬에 기름을 두르고 센 불로 달군다. 닭날개와 닭봉을 넣어 돌려 가며 모든 면이 살짝 노릇해질 때까지 굽고 닭기름을 충분히 낸다.	
R1.step.2	strings.js · R1	雞皮轉金黃後，沿鍋邊淋入米酒 2 湯匙，讓蒸汽帶走腥味。	닭 껍질이 노릇해지면 팬 가장자리에 청주나 소주 2큰술을 둘러 붓고, 올라오는 수증기로 잡내를 날린다.	
R1.step.3	strings.js · R1	把煎好的雞肉，連同鍋底亮晶晶的精華雞油，全部移到深鍋裡。	구운 닭고기와 팬 바닥의 반짝이는 닭기름까지 하나도 남기지 말고 전부 깊은 냄비로 옮긴다.	
R1.step.4	strings.js · R1	加入清水 200 ml、胡蘿蔔塊和調好的靈魂黑金醬汁，攪拌均勻。	물 200ml, 당근, 미리 섞어 둔 비법 간장 양념을 넣고 고루 섞는다.	
R1.step.5	strings.js · R1	蓋上鍋蓋，大火煮滾後轉中小火燜 12 分鐘，直到雞肉熟透。	뚜껑을 덮고 센 불에서 끓인 뒤 중약불로 줄여 12분간 졸인다. 닭고기가 속까지 익으면 된다.	
R1.step.6	strings.js · R1	打開鍋蓋，加入洋蔥粗條和整包甘栗仁。	뚜껑을 열고 굵게 썬 양파와 깐밤 한 봉지를 넣는다.	
R1.step.7	strings.js · R1	不要蓋鍋蓋，轉大火持續收汁，直到醬汁由稀轉濃、顏色變深。	뚜껑은 다시 덮지 않는다. 센 불로 계속 졸여 소스가 묽은 상태에서 걸쭉해지고 색이 진해질 때까지 끓인다.	
R1.step.8	strings.js · R1	洋蔥變軟、醬汁裹住雞肉，鍋底仍留少量濃稠醬汁時關火。	양파가 부드러워지고 소스가 닭고기에 고루 묻으며 냄비 바닥에 걸쭉한 소스가 조금 남았을 때 불을 끈다.	
R1.tip.1	strings.js · R1	鍋太小就分批煎。雞肉擠在一起會出水，表面不容易煎上色。	팬이 작으면 나눠 굽는다. 닭고기를 빽빽하게 넣으면 물이 나와 겉면이 잘 노릇해지지 않는다.	
R1.tip.2	strings.js · R1	胡蘿蔔別切太小。它要陪雞肉一起燜，切太小容易先煮到散掉。	당근은 너무 작게 자르지 않는다. 닭고기와 함께 오래 졸이기 때문에 너무 작으면 먼저 풀어진다.	
R1.tip.3	strings.js · R1	甘栗仁最後再加。太早下鍋容易碎，湯汁也會變得混濁。	깐밤은 마지막에 넣는다. 너무 일찍 넣으면 부서지고 국물도 탁해진다.	
R1.tip.4	strings.js · R1	醬油鹹度因品牌而異。收汁前先試味；太鹹補一點水，太淡就再收乾一些。	간장은 제품마다 염도가 다르다. 졸이기 전에 맛을 보고, 짜면 물을 조금 보태고 싱거우면 조금 더 졸인다.	
R1.prep.1	strings.js · R1	擦乾表面水分備用	표면의 물기를 닦아 둔다	
R1.prep.2	strings.js · R1	擦乾表面水分備用	표면의 물기를 닦아 둔다	
R1.prep.3	strings.js · R1	先在碗中調勻備用	그릇에 미리 섞어 둔다	
R1.prep.4	strings.js · R1	切滾刀塊	큼직하게 썬다	
R1.prep.5	strings.js · R1	切粗條	굵게 채 썬다	
R2.title	strings.js · R2	生日那碗韓式海帶湯	소고기 미역국	
R2.subtitle	strings.js · R2	牛腩熬到乳白。今天不是誰生日我也要喝。	양지 푹 우려 뽀얀 국물. 누구 생일 아니어도 이건 무조건.	
R2.note	strings.js · R2	牛肉一定要帶點油脂筋膜，湯才熬得濃潤。炒的時候千萬別開大火，芝麻油焦了整鍋湯直接發苦。	소고기는 기름기랑 힘줄이 좀 섞여야 국물이 진해져. 볶을 때 센 불 절대 금지, 참기름 타면 국물 다 버려.	
R2.murmur	strings.js · R2	牛肉多放幾塊，今天就當我生日。	고기 듬뿍 넣어, 오늘 내 생일 할래.	
R2.stage.1	strings.js · R2	海帶牛肉炒香	미역과 소고기 볶기	
R2.stage.2	strings.js · R2	滾到湯變乳白	국물이 뽀얘질 때까지	
R2.step.1	strings.js · R2	鍋中加入韓式芝麻油 1 湯匙，開中小火，放入醃好的牛肉炒到表面變白。不要開大火，以免芝麻油發苦。	냄비에 참기름 1큰술을 두르고 중약불로 가열한다. 재운 소고기를 넣어 겉면이 하얗게 변할 때까지 볶는다. 센 불에서는 참기름이 탈 수 있으니 피한다.	
R2.step.2	strings.js · R2	加入蒜末，炒到香氣出來。	다진 마늘을 넣어 향이 날 때까지 볶는다.	
R2.step.3	strings.js · R2	加入海帶，繼續翻炒 2–3 分鐘，直到海帶顏色變深、香氣出來。	미역을 넣고 2–3분 더 볶아 색이 진해지고 향이 올라오게 한다.	
R2.step.4	strings.js · R2	加入韓式湯醬油 1 湯匙炒勻，再倒入高湯 750 ml，轉大火煮滾。	국간장 1큰술을 넣어 볶은 뒤 육수 750ml를 붓고 센 불에서 끓인다.	
R2.step.5	strings.js · R2	撈去浮沫，維持中大火滾煮 10 分鐘，直到湯逐漸轉為乳白色。	거품을 걷고 중강불로 10분 끓여 국물이 서서히 뽀얘지게 한다.	
R2.step.6	strings.js · R2	轉中小火，蓋上鍋蓋燉 30 分鐘。	중약불로 줄이고 뚜껑을 덮어 30분 끓인다.	
R2.step.7	strings.js · R2	試味；不夠鹹時，加少量鹽或韓式湯醬油調整。	간을 본 뒤 싱거우면 소금이나 국간장을 조금씩 더한다.	
R2.tip.1	strings.js · R2	帶一點油脂和筋膜的牛肉，燉久後湯會更濃潤。全用瘦肉，喝起來會比較單薄。	양지는 기름기와 힘줄이 적당히 있어 오래 끓일수록 국물이 진하고 부드러워진다. 살코기만 쓰면 국물 맛이 가벼워진다.	
R2.tip.2	strings.js · R2	高湯可以照想要的味道選。昆布魚乾較清爽，牛骨或牛肉高湯則更濃。	육수는 원하는 방향에 맞춰 고른다. 다시마·멸치 육수는 깔끔하고, 사골이나 소고기 육수는 더 진하다.	
R2.tip.3	strings.js · R2	韓式湯醬油顏色淡、鹹味明顯，適合拿來調湯。第一次先少量加，別照一般醬油的份量直接倒。	국간장은 제품마다 염도가 다르다. 처음부터 많이 넣지 말고, 마지막에 맛을 본 뒤 국간장이나 소금으로 간을 맞춘다.	
R2.tip.4	strings.js · R2	芝麻油前面炒香就夠了。起鍋前想補香，只要幾滴；多了會浮在湯面上，蓋過海帶和牛肉味。	참기름은 처음 볶을 때 향을 내는 것으로 충분하다. 마무리에 더 넣고 싶다면 몇 방울만 넣는다. 많이 넣으면 국물 위에 떠서 미역과 소고기 향을 덮는다.	
R2.prep.1	strings.js · R2	用冷水泡 10–15 分鐘，泡軟後瀝乾	찬물에 10–15분 불린 뒤 물기를 뺀다	
R2.prep.2	strings.js · R2	吸乾血水，加韓式湯醬油 1.5 茶匙抓勻，醃 5 分鐘	핏물을 닦고 국간장 1.5작은술을 넣어 버무린 뒤 5분 재운다	
R2.prep.3	strings.js · R2	切末	다진다	
R3.title	strings.js · R3	蒜香橄欖油義大利麵	알리오 올리오	
R3.subtitle	strings.js · R3	越簡單越見真章。蒜香與油香的極致純粹。	단순할수록 정직한 맛. 오일과 마늘의 찐 풍미.	
R3.note	strings.js · R3	義大利人用這道考驗廚師基本功。油水乳化裹滿麵條，乾淨純粹才見真本事。	이탈리아 셰프 기본기 테스트용 파스타. 기름에 면수 넣고 소스 착 감기게 볶아야 찐이야.	
R3.murmur	strings.js · R3	準備好驗證你的廚師基本功了嗎？	진짜 셰프가 될 준비 됐어?	
R3.stage.1	strings.js · R3	麵先下鍋	면부터 삶기	
R3.stage.2	strings.js · R3	蒜香慢慢養	마늘향 천천히 내기	
R3.stage.3	strings.js · R3	麵水乳化	면수로 유화하기	
R3.stage.4	strings.js · R3	熄火收香	불 끄고 향 마무리	
R3.step.1	strings.js · R3	深鍋加足量水煮滾，加鹽後放入義大利直麵。	깊은 냄비에 넉넉한 물을 끓이고 소금을 넣은 뒤 스파게티면을 넣는다.	
R3.step.2	strings.js · R3	比包裝標示時間提早 1.5–2 分鐘撈起，讓麵芯保留一點硬度。	포장지 표기 시간보다 1.5–2분 일찍 건져 면 가운데 심이 살짝 남도록 한다.	
R3.step.3	strings.js · R3	撈麵前先盛出煮麵水 200 ml 備用。	면을 건지기 전에 면수 200ml를 따로 덜어 둔다.	
R3.step.4	strings.js · R3	平底鍋先不要開火，加入橄欖油 3 湯匙和全部蒜片。	팬은 아직 불을 켜지 않은 상태에서 올리브오일 3큰술과 마늘을 모두 넣는다.	
R3.step.5	strings.js · R3	開小火慢慢升溫。蒜片周圍出現細小氣泡、邊緣轉淡金黃色時即可。	약불로 천천히 온도를 올린다. 마늘 주변에 작은 기포가 생기고 가장자리가 연한 금빛이 돌면 된다.	
R3.step.6	strings.js · R3	立刻加入辣椒碎，快速翻炒 15 秒。	즉시 잘게 썬 페페론치노를 넣고 15초간 빠르게 볶는다.	
R3.step.7	strings.js · R3	把撈起的麵條直接移入平底鍋，轉大火。	건진 면을 팬으로 바로 옮기고 센 불로 올린다.	
R3.step.8	strings.js · R3	倒入預留的煮麵水 100 ml；如果太乾，再少量補加。	남겨 둔 면수 100ml를 붓는다. 너무 마르면 조금씩 더 보탠다.	
R3.step.9	strings.js · R3	用料理夾快速翻拌並旋轉麵條，讓鍋中的油和煮麵水乳化。醬汁變成濃稠乳白色、能均勻裹住麵條即可。	집게로 면을 빠르게 뒤집고 돌려 오일과 면수가 유화되게 한다. 소스가 걸쭉하고 뽀얗게 변해 면에 고르게 달라붙으면 된다.	
R3.step.10	strings.js · R3	醬汁均勻裹住麵條、鍋底沒有明顯多餘水分時，立刻關火。	소스가 면에 고르게 묻고 팬 바닥에 눈에 띄는 물기가 남지 않으면 즉시 불을 끈다.	
R3.step.11	strings.js · R3	有松露橄欖油的話，關火後淋入 1–1.5 湯匙；沒有可省略。最後撒上現磨黑胡椒。	트러플 올리브오일이 있으면 불을 끈 뒤 1–1.5큰술을 두른다. 없으면 생략한다. 마지막에 후추를 갈아 뿌린다.	
R3.step.12	strings.js · R3	利用鍋中餘溫快速翻拌約 5 秒。盛盤後，把鍋底的蒜片和辣椒碎一起放到麵上。	팬의 잔열로 약 5초간 빠르게 섞는다. 접시에 담고 팬 바닥의 마늘과 페페론치노도 함께 올린다.	
R3.tip.1	strings.js · R3	蒜片盡量切同厚。太薄的先焦、太厚的還沒出香，最後會同時有苦味和生蒜味。	마늘은 가능한 한 같은 두께로 썬다. 얇은 건 먼저 타고 두꺼운 건 향이 덜 나서, 결국 쓴맛과 생마늘 맛이 같이 난다.	
R3.tip.2	strings.js · R3	怕辣就把辣椒籽去掉。香氣還在，入口的辣度會柔和很多。	덜 맵게 먹고 싶으면 페페론치노 씨를 뺀다. 향은 남고 매운맛은 훨씬 부드러워진다.	
R3.tip.3	strings.js · R3	煮麵水本身已經有鹽，收尾先吃一口再補鹽。醬汁收得越乾，鹹味也會越集中。	면수 자체에 소금이 들어 있으니 마지막에 한입 먹어 보고 소금을 더한다. 소스가 졸수록 짠맛도 강해진다.	
R3.tip.4	strings.js · R3	乳化太乾就補一點煮麵水；太稀就開大火多翻幾秒。醬汁能薄薄巴在麵上就對了。	유화가 너무 되직하면 면수를 조금 더하고, 너무 묽으면 센 불에서 몇 초 더 섞는다. 소스가 면에 얇게 달라붙으면 된다.	
R3.prep.1	strings.js · R3	切成厚度一致的薄片	같은 두께로 얇게 썬다	
R3.prep.2	strings.js · R3	切碎	잘게 썬다	
R4.title	strings.js · R4	香蕉胖胖瑪芬	바나나 머핀	
R4.subtitle	strings.js · R4	香蕉熟透發黑才甜，氣炸鍋叮一聲我就醒了。	바나나는 까매져야 달아. 에프 땡 소리에 바로 깰 예정.	
R4.note	strings.js · R4	香蕉越黑果香越濃，連糖都能少放。剛出爐先放五分鐘再脫模，心急熱熱拿一定裂開。	바나나는 까맣게 익을수록 단맛이 진해져. 갓 구워 나왔을 때 5분만 식히고 꺼내야 모양 안 망가져.	
R4.murmur	strings.js · R4	配熱咖啡剛剛好，冷掉吃也一樣香。	커피랑 찰떡궁합, 식어도 계속 들어가지.	
R4.stage.1	strings.js · R4	拌到剛剛好	딱 그만큼만 섞기	
R4.stage.2	strings.js · R4	氣炸到胖起來	에어프라이어에서 통통하게	
R4.step.1	strings.js · R4	另一個碗中放入低筋麵粉和小蘇打粉，混合均勻備用。	다른 그릇에 박력분과 베이킹소다를 넣어 고루 섞어 둔다.	
R4.step.2	strings.js · R4	香蕉泥加入雞蛋、喝的優格、融化奶油、香草精、黑糖和白糖，攪拌均勻。	으깬 바나나에 달걀, 마시는 요거트, 녹인 버터, 바닐라 익스트랙, 흑설탕, 설탕을 넣어 섞는다.	
R4.step.3	strings.js · R4	把乾料倒入濕料，用刮刀輕輕翻拌到看不見乾粉就停手。	가루 재료를 젖은 재료에 넣고 주걱으로 가볍게 섞는다. 마른 가루가 보이지 않으면 바로 멈춘다.	
R4.step.4	strings.js · R4	用廚房紙巾沾少量奶油，均勻塗抹模具底部和四周。	키친타월에 버터를 조금 묻혀 틀의 바닥과 옆면에 고르게 바른다.	
R4.step.5	strings.js · R4	把麵糊平均倒入 4 個瑪芬模具，約八分滿。	반죽을 머핀 틀 4개에 고르게 나눠 80% 정도 채운다.	
R4.step.6	strings.js · R4	放入模具，以 160°C 烤 22–25 分鐘。	에어프라이어에 틀을 넣고 160°C에서 22–25분 굽는다.	
R4.step.7	strings.js · R4	烤到 20 分鐘後開始用牙籤插入中心檢查；拔出時沒有濕麵糊即可。若未熟，每次再烤 3 分鐘後重測。	20분부터 이쑤시개로 가운데를 찔러 확인한다. 젖은 반죽이 묻지 않으면 익은 것이다. 덜 익었으면 3분씩 추가로 굽고 다시 확인한다.	
R4.tip.1	strings.js · R4	熟香蕉可以冷凍備用。退冰後會出水，水太多就先倒掉一點，避免麵糊變得太稀。	잘 익은 바나나는 얼려 두어도 된다. 해동하면 물이 나오니 너무 많으면 조금 따라 버려 반죽이 묽어지지 않게 한다.	
R4.tip.2	strings.js · R4	模具不同，烤的時間也會不同。金屬模上色較快，矽膠模通常要多烤一會兒。	틀에 따라 굽는 시간이 달라진다. 금속 틀은 색이 빨리 나고, 실리콘 틀은 보통 조금 더 오래 굽는다.	
R4.tip.3	strings.js · R4	出爐先放 5 分鐘再脫模。剛出爐時還很軟，立刻拿容易裂開。	구운 뒤 5분 정도 두었다가 틀에서 뺀다. 갓 구웠을 때는 아주 부드러워 바로 빼면 갈라지기 쉽다.	
R4.tip.4	strings.js · R4	黑糖會多一點焦香和水分，白糖的甜味比較乾淨。全換黑糖，成品會更濕、更黏。	흑설탕은 캐러멜 향과 수분을 더하고, 흰설탕은 단맛이 더 깔끔하다. 전부 흑설탕으로 바꾸면 더 촉촉하고 끈적해진다.	
R4.prep.1	strings.js · R4	用叉子壓成均勻香蕉泥	포크로 곱게 으깬다	
R4.prep.2	strings.js · R4	融化後放涼備用	녹인 뒤 식혀 둔다	
R5.title	strings.js · R5	咕嘟咕嘟辣醬鍋	돼지고기 고추장찌개	
R5.subtitle	strings.js · R5	燉到馬鈴薯鬆軟、五花肉入味，白飯準備兩碗。	감자 포슬포슬 익고 삼겹살에 양념 배면, 밥 두 공기 각.	
R5.note	strings.js · R5	蝦醬先少量放，煮滾試過再補，一開始失手很難救。最後滴幾滴醋是靈魂，能讓辣醬香氣整個亮起來。	새우젓은 처음에 조금만, 끓고 나서 간 보고 더 넣어. 식초 서너 방울 떨구는 게 킥인데, 고추장 텁텁함 싹 잡아줘.	
R5.murmur	strings.js · R5	這鍋濃郁辣湯，怎麼能不開一瓶燒酒？	이 칼칼한 국물에 소주 한 잔 참아?	
R5.stage.1	strings.js · R5	豬肉先逼香	돼지고기 기름 내기	
R5.stage.2	strings.js · R5	辣醬炒冒泡	고추장 양념 보글보글 볶기	
R5.stage.3	strings.js · R5	加水咕嘟	물 붓고 끓이기	
R5.stage.4	strings.js · R5	蔬菜後下	채소는 나중에	
R5.stage.5	strings.js · R5	最後調味	마지막 간 맞추기	
R5.step.1	strings.js · R5	湯鍋不放油，直接放入豬肉塊，中火煸炒到表面金黃微焦並逼出豬油。	냄비에 기름을 두르지 않고 돼지고기를 바로 넣는다. 중불에서 겉면이 노릇해지고 돼지기름이 충분히 나올 때까지 볶는다.	
R5.step.2	strings.js · R5	轉小火，倒入調好的醬汁，用豬油翻炒約 1 分鐘，直到醬汁冒泡、香氣明顯。	약불로 줄이고 미리 섞어 둔 양념을 모두 넣는다. 돼지기름에 약 1분 볶아 양념이 보글보글 끓고 향이 올라오게 한다.	
R5.step.3	strings.js · R5	倒入清水 500 ml，加入馬鈴薯塊，大火煮滾後撈去浮沫。	물 500ml와 감자를 넣고 센 불에서 끓인 뒤 거품을 걷는다.	
R5.step.4	strings.js · R5	加入板豆腐塊，轉中小火，蓋鍋蓋燉 15 分鐘，直到馬鈴薯熟透、湯汁略微變濃。	두부를 넣고 중약불로 줄여 뚜껑을 덮고 15분 끓인다. 감자가 익고 국물이 약간 걸쭉해지면 된다.	
R5.step.5	strings.js · R5	開蓋轉大火，先確認湯汁稠度。不夠濃時，再滾 3–5 分鐘收濃。	뚜껑을 열고 센 불로 올려 먼저 국물 농도를 확인한다. 묽으면 3–5분 더 끓여 졸인다.	
R5.step.6	strings.js · R5	湯汁夠濃後，加入韓國櫛瓜塊和洋蔥塊，煮 3–4 分鐘。	국물이 충분히 진해지면 애호박과 양파를 넣고 3–4분 더 끓인다.	
R5.step.7	strings.js · R5	加入大蔥段和青陽辣椒片，再煮 1–2 分鐘。	대파와 청양고추를 넣고 1–2분 더 끓인다.	
R5.step.8	strings.js · R5	加入韓式醃蝦醬 0.5 湯匙拌勻後試味；不夠鹹再少量補加。	새우젓 0.5큰술을 넣어 섞고 간을 본다. 싱거우면 조금 더 넣는다.	
R5.step.9	strings.js · R5	最後加入醋 0.5 湯匙，稍微攪拌後立刻關火。	마지막에 식초 0.5큰술을 넣어 가볍게 섞고 바로 불을 끈다.	
R5.tip.1	strings.js · R5	五花油脂多，湯會更香；梅花肉比較清爽。想少一點油可以用梅花，但香氣也會跟著淡一些。	삼겹살은 기름이 많아 국물이 더 고소하고, 목살은 조금 더 깔끔하다. 기름을 줄이고 싶으면 목살을 쓰되 향도 조금 약해진다.	
R5.tip.2	strings.js · R5	辣度可以分開調。辣椒醬和辣椒粉主要給醬香和色澤，新鮮辣椒再負責把辣度往上拉。	매운맛은 따로 조절할 수 있다. 고추장과 고춧가루는 기본 향과 색을 만들고, 청양고추로 실제 매운맛을 올린다.	
R5.tip.3	strings.js · R5	韓式醃蝦醬先少量下。煮滾後再試鹹味，不夠再補；一開始放太多很難救。	새우젓은 처음에 적게 넣는다. 끓인 뒤 간을 보고 부족하면 더한다. 처음부터 많이 넣으면 되돌리기 어렵다.	
R5.tip.4	strings.js · R5	醋只要一點點。加對時吃不出明顯酸味，只會讓辣醬味道更亮；明顯酸了就是過量。	식초는 아주 조금만 넣는다. 알맞게 들어가면 신맛은 거의 안 나고 고추장 맛만 또렷해진다. 시큼하게 느껴지면 너무 많이 넣은 것이다.	
R5.prep.1	strings.js · R5	先在碗中拌勻備用	그릇에 미리 섞어 둔다	
R5.prep.2	strings.js · R5	切成一口大塊	한입 크기로 썬다	
R5.prep.3	strings.js · R5	切大塊	큼직하게 썬다	
R5.prep.4	strings.js · R5	切成 1–2 公分厚塊	1–2cm 두께로 큼직하게 썬다	
R5.prep.5	strings.js · R5	切大塊	큼직하게 썬다	
R5.prep.6	strings.js · R5	切厚塊	두툼하게 썬다	
R5.prep.7	strings.js · R5	斜切段	어슷썬다	
R5.prep.8	strings.js · R5	斜切片	어슷썬다	
R6.title	strings.js · R6	櫛瓜小煎餅	애호박전	
R6.subtitle	strings.js · R6	櫛瓜清甜多汁。薄蛋衣煎到微金黃，一口一個剛剛好。	달큰한 애호박 채즙 팡팡. 얇은 달걀옷 입혀 한입에 쏙.	
R6.note	strings.js · R6	沾薄蛋衣慢火煎，別急著翻面。等邊邊定型、微泛金黃再翻才漂亮。	달걀옷 얇게 입혀 약불에 부치고, 가장자리 각 잡히면 뒤집어.	
R6.murmur	strings.js · R6	翻面不要催我，這盤我包了。	뒤집는 거 재촉하지 마, 이건 나 혼자 순삭각.	
R6.stage.1	strings.js · R6	櫛瓜裹蛋	애호박에 달걀옷	
R6.stage.2	strings.js · R6	兩面煎金黃	양면 노릇하게	
R6.step.1	strings.js · R6	平底鍋加入食用油 2 湯匙，以中小火熱鍋。	팬에 식용유 2큰술을 두르고 중약불로 달군다.	
R6.step.2	strings.js · R6	櫛瓜片沾上蛋液，讓兩面完整裹住，再一片片排入鍋中。	애호박에 달걀물을 양면 고루 묻힌 뒤 팬에 한 장씩 놓는다.	
R6.step.3	strings.js · R6	中小火煎第一面 2–3 分鐘，等邊緣蛋衣轉金黃後翻面。	중약불에서 첫 면을 2–3분 굽는다. 달걀옷 가장자리가 노릇해지면 뒤집는다.	
R6.step.4	strings.js · R6	翻面再煎約 2 分鐘。用筷子輕戳中心，呈現微軟但仍有彈性時即可起鍋。	뒤집어 약 2분 더 굽는다. 젓가락으로 가운데를 살짝 눌러 부드럽지만 탄력이 남아 있으면 꺼낸다.	
R6.tip.1	strings.js · R6	選直一點的櫛瓜，比較容易切成同厚圓片；厚度一致，兩面熟成的速度才會接近。	곧은 애호박을 고르면 같은 두께의 원형으로 썰기 쉽다. 두께가 일정해야 양면이 비슷한 속도로 익는다.	
R6.tip.2	strings.js · R6	下鍋後先別急著翻。等蛋衣定型、邊緣微微上色再翻，蛋衣才不容易脫落。	팬에 올린 뒤 바로 뒤집지 않는다. 달걀옷이 굳고 가장자리에 살짝 색이 나면 뒤집어야 벗겨지지 않는다.	
R6.tip.3	strings.js · R6	起鍋先單層攤開。熱氣還在時疊起來，底部很快會被水氣悶軟。	부친 뒤에는 한 겹으로 펼쳐 둔다. 뜨거울 때 겹쳐 쌓으면 수증기 때문에 바닥이 금방 눅눅해진다.	
R6.tip.4	strings.js · R6	沾醬不用複雜。醬油加醋，再撒一點韓式辣椒粉就夠；醬汁太重反而會蓋過櫛瓜味。	찍어 먹는 양념은 간단하면 된다. 간장에 식초, 고춧가루를 조금 넣으면 충분하다. 양념이 너무 세면 애호박 맛이 묻힌다.	
R6.prep.1	strings.js · R6	切成 0.5–0.7 cm 圓片，撒鹽靜置 5 分鐘；出水後徹底擦乾	0.5–0.7cm 두께로 둥글게 썰고 소금을 뿌려 5분 둔다. 물이 나오면 완전히 닦는다	
R6.prep.2	strings.js · R6	薄薄沾在櫛瓜兩面，拍掉多餘的粉	애호박 양면에 얇게 묻힌 뒤 남는 가루는 털어낸다	
R6.prep.3	strings.js · R6	加幾滴芝麻油打散備用	참기름 몇 방울을 넣어 풀어 둔다.	
R7.title	strings.js · R7	一秒回羅馬番茄肉醬	라구 소스	
R7.subtitle	strings.js · R7	蔬菜底香甜、肉香濃郁。兩小時，時間會處理一切。	채소 베이스의 단맛과 고기 풍미. 시간과 불이 완성하는 라구.	
R7.note	strings.js · R7	蔬菜丁耐心炒出甜香，下肉末與番茄慢燉。拌麵抹麵包都無敵。	다진 채소 달달 볶아 단맛 내고 뭉근하게 졸이기. 빵에 얹어도 최고야.	
R7.murmur	strings.js · R7	躺在沙發聞肉醬香，就是幸福。	소파에 누워 라구 향 솔솔 맡는 게 찐 행복.	
R7.urgent	strings.js · R7	開始前先確認這段時間人在家。煮上了就別急著出門。	집에 계속 있을 수 있는지 먼저 확인. 끓이기 시작하면 나가지 마.	
R7.stage.1	strings.js · R7	蔬菜慢慢炒甜	채소 단맛 천천히 끌어내기	
R7.stage.2	strings.js · R7	肉末炒散香	다진 고기 풀어 볶기	
R7.stage.3	strings.js · R7	紅酒收進去	레드와인 졸이기	
R7.stage.4	strings.js · R7	番茄慢慢燉	토마토 천천히 끓이기	
R7.step.1	strings.js · R7	深鍋加少量油，放入洋蔥、胡蘿蔔、西洋芹和蘑菇，中火慢炒。	깊은 냄비에 기름을 조금 두르고 양파, 당근, 셀러리, 버섯을 넣어 중불에서 천천히 볶는다.	
R7.step.2	strings.js · R7	炒到蔬菜明顯縮水、洋蔥變透明，並出現明顯甜香。	채소 부피가 확 줄고 양파가 투명해지며 단내가 분명히 날 때까지 볶는다.	
R7.step.3	strings.js · R7	加入豬絞肉和牛絞肉，用鍋鏟把肉壓散，和蔬菜一起翻炒。	다진 돼지고기와 소고기를 넣고 주걱으로 눌러 풀면서 채소와 함께 볶는다.	
R7.step.4	strings.js · R7	繼續炒到肉末完全變色，鍋中水氣明顯減少。	고기 색이 완전히 변하고 냄비의 수분이 눈에 띄게 줄 때까지 볶는다.	
R7.step.5	strings.js · R7	繼續炒到鍋底不再有明顯水分，只剩油脂，肉香明顯。	냄비 바닥에 물기가 거의 없어지고 기름만 남아 고기 향이 진해질 때까지 더 볶는다.	
R7.step.6	strings.js · R7	倒入紅酒 180 ml，轉中大火煮滾。	레드와인 180ml를 붓고 중강불에서 끓인다.	
R7.step.7	strings.js · R7	紅酒沸騰時，用鍋鏟把黏在鍋底的焦香物刮起來。	와인이 끓을 때 주걱으로 냄비 바닥에 눌어붙은 갈색 부분을 긁어 올린다.	
R7.step.8	strings.js · R7	繼續煮到明顯酒精味散去、紅酒大幅收乾。	알코올 향이 사라지고 와인이 눈에 띄게 졸아들 때까지 계속 끓인다.	
R7.step.9	strings.js · R7	倒入番茄義大利麵醬，和鍋中的肉末、蔬菜攪拌均勻。	토마토 파스타 소스를 넣고 고기와 채소와 고루 섞는다.	
R7.step.10	strings.js · R7	煮滾後轉極小火，鍋蓋留一條小縫，燉 1 小時。	끓기 시작하면 아주 약한 불로 줄이고 뚜껑을 살짝 열어 둔 채 1시간 끓인다.	
R7.step.11	strings.js · R7	每 10–15 分鐘攪拌一次，同時刮一下鍋底，避免肉醬黏鍋。	10–15분마다 한 번씩 저으면서 바닥도 긁어 라구가 눌어붙지 않게 한다.	
R7.step.12	strings.js · R7	燉到醬汁變濃、肉末和蔬菜融合，表面浮出少量油脂時即可關火。	소스가 걸쭉해지고 고기와 채소가 하나로 어우러지며 표면에 기름이 조금 떠오르면 불을 끈다.	
R7.step.13	strings.js · R7	試味後，用鹽調整鹹度。	간을 보고 소금으로 맞춘다.	
R7.tip.1	strings.js · R7	豬肉比例高一點，醬會更柔潤；牛肉負責補肉香。兩種混在一起，油脂和香氣會比較平衡。	돼지고기 비율이 높으면 소스가 더 부드럽고 윤기 있게 되고, 소고기는 고기 향을 보탠다. 둘을 섞으면 지방과 향의 균형이 좋다.	
R7.tip.2	strings.js · R7	蘑菇切得夠碎，燉久後會幾乎融進醬裡。不太吃得到明顯菇塊，但香味會留下。	버섯을 충분히 잘게 썰면 오래 끓이는 동안 거의 소스에 녹아든다. 버섯 조각은 잘 느껴지지 않아도 향은 남는다.	
R7.tip.3	strings.js · R7	冷凍時把肉醬裝平、壓薄。比較省空間，也能縮短退冰時間；一餐一包最方便。	냉동할 때 소스를 납작하게 펴서 담는다. 공간도 덜 차지하고 해동도 빨라진다. 한 끼 분량씩 나누면 가장 편하다.	
R7.tip.4	strings.js · R7	拌麵時加一點煮麵水，把肉醬調鬆再拌。醬能均勻裹住麵條，就不會麵是麵、醬是醬。	파스타에 섞을 때 면수를 조금 넣어 라구를 풀어 준다. 소스가 면에 고르게 붙어야 면과 소스가 따로 놀지 않는다.	
R7.prep.1	strings.js · R7	切小丁	작게 깍둑썬다	
R7.prep.2	strings.js · R7	切小丁	작게 깍둑썬다	
R7.prep.3	strings.js · R7	切小丁	작게 깍둑썬다	
R7.prep.4	strings.js · R7	切小丁	작게 깍둑썬다	
R7.prep.5	strings.js · R7	下鍋前 10 分鐘從冰箱取出	조리 10분 전에 냉장고에서 꺼낸다	
R7.prep.6	strings.js · R7	下鍋前 10 分鐘從冰箱取出	조리 10분 전에 냉장고에서 꺼낸다	
R8.title	strings.js · R8	大口吃肉泡菜鍋	돼지고기 김치찌개	
R8.subtitle	strings.js · R8	泡菜不夠酸不要煮。厚切五花在等它變一家人。	덜 익은 김치로는 끓이지 마. 두툼한 삼겹살한테 실례야.	
R8.note	strings.js · R8	厚切五花先煎出豬油再下酸泡菜炒香。油脂包覆酸氣，湯頭才夠濃。	삼겹살 기름에 신김치 달달 볶기. 돼지기름이 신맛을 감싸줘야 국물이 찐해져.	
R8.murmur	strings.js · R8	盛好白飯，我已經準備好大口吃肉。	밥 펐다. 이제 고기 흡입할 준비 완료.	
R8.urgent	strings.js · R8	泡菜如果還很新鮮，先密封放室溫半天讓它變酸。	김치가 아직 덜 익었으면 밀폐해 실온에 반나절 두어 신맛을 낸다.	
R8.stage.1	strings.js · R8	五花先煎香	삼겹살 먼저 굽기	
R8.stage.2	strings.js · R8	泡菜咕嘟	김치 보글보글	
R8.stage.3	strings.js · R8	最後試味收尾	마지막 간 보고 마무리	
R8.step.1	strings.js · R8	鍋中放入豬五花，中火煎到表面微微金黃並逼出豬油。	냄비에 삼겹살을 넣고 중불에서 겉면이 살짝 노릇해지며 기름이 나오도록 굽는다.	
R8.step.2	strings.js · R8	加入洋蔥和泡菜，拌炒 3–4 分鐘，直到泡菜顏色變深、酸香味出來。	양파와 김치를 넣고 3–4분 볶아 김치 색이 진해지고 새콤한 향이 올라오게 한다.	
R8.step.3	strings.js · R8	加入蒜末、韓式芝麻油和韓式辣椒粉，快速拌炒均勻。辣椒粉可依泡菜辣度減量。	다진 마늘, 참기름, 고춧가루를 넣고 빠르게 섞어 볶는다. 고춧가루는 김치의 매운 정도에 따라 줄여도 된다.	
R8.step.4	strings.js · R8	倒入泡菜汁和昆布魚乾高湯，加入韓式醃蝦醬，攪拌均勻。	김치국물과 다시마·멸치 육수를 붓고 새우젓을 넣어 고루 섞는다.	
R8.step.5	strings.js · R8	煮滾後轉中小火，蓋上鍋蓋燉 15–20 分鐘，讓豬肉熟透、湯底味道融合。	끓으면 중약불로 줄이고 뚜껑을 덮어 15–20분 끓인다. 돼지고기가 익고 국물 맛이 어우러지면 된다.	
R8.step.6	strings.js · R8	加入豆腐，再煮 5 分鐘。豆腐下鍋後不要再翻動。	두부를 넣고 5분 더 끓인다. 두부를 넣은 뒤에는 더 이상 뒤적이지 않는다.	
R8.step.7	strings.js · R8	試味。太酸可加少量糖；不夠鹹再補鹽或少量魚露。	간을 본다. 너무 시면 설탕을 조금 넣고, 싱거우면 소금이나 액젓을 조금 더한다.	
R8.step.8	strings.js · R8	湯汁煮到略微變濃後加入大蔥，再煮 1 分鐘即可關火。湯量以能包住食材、但不過度稀薄為準。	국물이 살짝 걸쭉해지면 대파를 넣고 1분 더 끓인 뒤 불을 끈다. 국물이 재료에 자작하게 남을 정도가 좋다.	
R8.tip.1	strings.js · R8	泡菜汁有就一起下。它帶著發酵後的酸味和辣味，湯底會比只放泡菜更完整。	김치국물이 있으면 함께 넣는다. 발효된 산미와 매운맛이 더해져 김치만 넣었을 때보다 국물 맛이 또렷해진다.	
R8.tip.2	strings.js · R8	天氣熱時熟成要看酸味，不要只看時間。泡菜一有明顯酸香就冰回去，別放到過頭。	날씨가 더울 때는 시간보다 신맛을 기준으로 익힌다. 새콤한 향이 분명해지면 냉장고에 넣고, 너무 익히지 않는다.	
R8.tip.3	strings.js · R8	沒有韓式醃蝦醬，可以用魚露補鮮鹹味。先從 1/2 茶匙開始，煮滾後再決定要不要加。	새우젓이 없으면 액젓으로 감칠맛과 짠맛을 보충할 수 있다. 1/2작은술부터 넣고 끓인 뒤 더 넣을지 결정한다.	
R8.tip.4	strings.js · R8	水先少放，煮滾後再補。泡菜和豆腐都會出水，一開始倒太多，最後只會剩一鍋稀湯。	물은 처음에 적게 넣고 끓인 뒤 보충한다. 김치와 두부에서도 수분이 나오므로 처음부터 많이 부으면 국물이 지나치게 묽어진다.	
R8.prep.1	strings.js · R8	剪成一口大小，泡菜汁保留備用	한입 크기로 자르고 김치국물은 따로 남겨 둔다	
R8.prep.2	strings.js · R8	切成一口大塊	한입 크기로 썬다	
R8.prep.3	strings.js · R8	切絲	채 썬다	
R8.prep.4	strings.js · R8	斜切段	어슷썬다	
R8.prep.5	strings.js · R8	切厚片	두툼하게 썬다	
R9.title	strings.js · R9	有肉有菜雞腿炒麵	닭다리살 볶음면	
R9.subtitle	strings.js · R9	白菜爽脆、雞腿肉焦香。大火快炒封住肉汁。	배추는 아삭, 닭다리살은 노릇하게. 센 불로 육즙 꽉 가두기.	
R9.note	strings.js · R9	有肉有菜有碳水，一盤就把晚餐交代完。洗一個鍋子是我的極限。	고기, 채소, 탄수화물까지 한 팬으로 저녁 끝. 설거지는 냄비 하나가 내 한계야.	
R9.murmur	strings.js · R9	麵熟了叫我一聲。	면 다 볶아지면 나 깨워줘.	
R9.stage.1	strings.js · R9	雞腿先上色	닭다리살 먼저 노릇하게	
R9.stage.2	strings.js · R9	蔬菜快炒	채소 빠르게 볶기	
R9.stage.3	strings.js · R9	麵條一起收乾	면 넣고 수분 날리기	
R9.step.1	strings.js · R9	熱鍋下油，加入雞腿肉，以中大火炒到表面微微金黃。	달군 팬에 기름을 두르고 닭다리살을 넣어 중강불에서 겉면이 살짝 노릇해질 때까지 볶는다.	
R9.step.2	strings.js · R9	加入大蔥片和洋蔥絲，炒到香氣出來、洋蔥稍微變軟。	대파와 양파를 넣어 향이 나고 양파가 살짝 부드러워질 때까지 볶는다.	
R9.step.3	strings.js · R9	加入白菜絲和秀珍菇，大火翻炒約 30 秒，直到蔬菜稍微變軟。	배추와 느타리버섯을 넣고 센 불에서 약 30초 볶아 채소가 살짝 숨이 죽게 한다.	
R9.step.4	strings.js · R9	加入瀝乾的生麵條，用筷子或料理夾撥散，和雞肉、蔬菜快速拌勻。	물기를 뺀 생면을 넣고 젓가락이나 집게로 풀어 가며 닭고기, 채소와 빠르게 섞는다.	
R9.step.5	strings.js · R9	淋入調好的醬香炒麵醬汁，再加入紅、黃甜椒細絲。	미리 섞어 둔 볶음면 소스를 붓고 빨강·노랑 파프리카를 넣는다.	
R9.step.6	strings.js · R9	維持大火快速翻炒約 60 秒，讓醬汁均勻裹住麵條。若鍋底太乾、麵條拌不開，再沿鍋邊少量補 1–2 湯匙水。	센 불을 유지하며 약 60초 빠르게 볶아 소스가 면에 고르게 묻게 한다. 팬 바닥이 너무 마르고 면이 풀리지 않으면 가장자리로 물 1–2큰술을 조금씩 보탠다.	
R9.step.7	strings.js · R9	麵條均勻上色、醬汁裹住麵條，鍋底仍有少量油亮感時立即關火起鍋。	면에 색이 고르게 나고 소스가 잘 묻으며 팬 바닥에 약간의 윤기가 남으면 즉시 불을 끄고 담는다.	
R9.tip.1	strings.js · R9	蔬菜可以換，但總量別一下加太多。高麗菜、青江菜都可以，切細、少量下，才不會炒出一鍋水。	채소는 바꿔도 되지만 한꺼번에 너무 많이 넣지 않는다. 양배추나 청경채도 잘게 썰어 조금만 넣어야 물이 많이 나오지 않는다.	
R9.tip.2	strings.js · R9	真的太乾再沿鍋邊補一點水，每次少量就好。一次倒太多會讓鍋溫掉下來，麵就從炒變成煮。	정말 너무 마를 때만 팬 가장자리로 물을 조금씩 보탠다. 한 번에 많이 부으면 팬 온도가 떨어져 볶음면이 아니라 삶은 면이 된다.	
R9.prep.1	strings.js · R9	先在碗中調勻備用	그릇에 미리 섞어 둔다	
R9.prep.2	strings.js · R9	切小塊，放入雞腿醃料抓勻，醃 10–15 分鐘	작게 썰어 밑간 양념에 버무린 뒤 10–15분 재운다	
R9.prep.3	strings.js · R9	切細絲；菜梗切得更細	가늘게 채 썬다. 줄기 부분은 더 가늘게 썬다	
R9.prep.4	strings.js · R9	切細絲	가늘게 채 썬다	
R9.prep.5	strings.js · R9	切極細絲	아주 가늘게 채 썬다	
R9.prep.6	strings.js · R9	切極細絲	아주 가늘게 채 썬다	
R9.prep.7	strings.js · R9	切薄片	송송 썬다	
R9.prep.8	strings.js · R9	用手撕成細條	손으로 가늘게 찢는다	
R9.prep.9	strings.js · R9	先調勻備用	미리 섞어 둔다	
R9.prep.10	strings.js · R9	煮到九分熟，沖冷水後瀝乾，拌少量油防黏	90% 정도만 삶고 찬물에 헹군 뒤 물기를 뺀다. 기름을 조금 버무려 달라붙지 않게 한다	
R10.title	strings.js · R10	韓式醬醃洋蔥	양파장아찌	
R10.subtitle	strings.js · R10	解膩小菜、煎餅沾醬。酸甜微辣，洋蔥醬汁是精髓。	밑반찬이자 전 찍먹 소스. 양파 향 밴 새콤달콤 간장이 킥.	
R10.note	strings.js · R10	半顆洋蔥切塊，熱醬汁沖下去冷藏兩小時。配烤肉、炸物、煎餅都絕配。	양파 반 개 썰어 뜨거운 간장 붓고 두 시간 냉장. 고기, 튀김, 전에 찰떡.	
R10.murmur	strings.js · R10	冰箱常備這一盒，我隨時能開動。	냉장고에 이거 하나면 언제든 든든하지.	
R10.stage.1	strings.js · R10	醬汁煮開	간장물 끓이기	
R10.stage.2	strings.js · R10	關火加醋熱沖	불 끄고 식초 넣어 뜨겁게 붓기	
R10.stage.3	strings.js · R10	冰著等入味	냉장고에서 간 들이기	
R10.step.1	strings.js · R10	小鍋加入水 5 湯匙、醬油 5 湯匙、白糖、黑糖和米酒，以中小火加熱。	작은 냄비에 물 5큰술, 간장 5큰술, 설탕, 흑설탕, 청주 또는 소주를 넣고 중약불로 데운다.	
R10.step.2	strings.js · R10	邊加熱邊攪拌，直到糖完全融化、醬汁煮滾。	저으면서 설탕이 완전히 녹고 간장물이 끓을 때까지 가열한다.	
R10.step.3	strings.js · R10	醬汁煮滾後立刻關火，加入白醋拌勻。	간장물이 끓으면 바로 불을 끄고 식초를 넣어 섞는다.	
R10.step.4	strings.js · R10	趁醬汁仍熱時直接淋在洋蔥和辣椒上，讓醬汁大致淹到洋蔥。	간장물이 뜨거울 때 양파와 고추에 바로 붓는다. 양파가 거의 잠길 정도면 된다.	
R10.step.5	strings.js · R10	稍微放涼後蓋上蓋子，放入冰箱冷藏。至少 2 小時後再吃，隔天會更入味。	한김 식힌 뒤 뚜껑을 덮어 냉장한다. 최소 2시간 뒤부터 먹을 수 있고, 다음 날 더 잘 밴다.	
R10.tip.1	strings.js · R10	洋蔥切成一口大小。太細會很快失去口感，太大又不容易均勻入味。	양파는 한입 크기로 자른다. 너무 잘게 썰면 금방 물러지고, 너무 크면 간이 고르게 배지 않는다.	
R10.tip.2	strings.js · R10	醋關火後再加。煮太久香氣會跑掉，最後只剩比較單一的酸味。	식초는 불을 끈 뒤 넣는다. 오래 끓이면 향이 날아가고 단조로운 신맛만 남는다.	
R10.tip.3	strings.js · R10	黑糖主要補焦糖香和顏色。全用白糖也能做，醬汁會比較清亮，少一點焦香。	흑설탕은 캐러멜 향과 색을 더한다. 흰설탕만 써도 되지만 간장물이 더 맑고 캐러멜 향은 줄어든다.	
R10.tip.4	strings.js · R10	米酒只是提香。沒有就省略，改補 1 湯匙水，不用為這一道特地買一瓶。	청주나 소주는 향을 더하는 용도다. 없으면 빼고 물 1큰술을 더하면 된다. 이거 하나 하려고 한 병 살 필요는 없다.	
R10.tip.5	strings.js · R10	這是冷藏小菜，不是長期保存罐頭。用乾淨筷子取用，吃完立刻冰回去，建議 5–7 天內吃完。	오래 두고 먹는 장아찌가 아니다. 깨끗한 젓가락으로 덜어 먹고 바로 냉장고에 넣는다. 5–7일 안에 먹는 것을 권한다.	
R10.prep.1	strings.js · R10	切成一口大小；不要切得太細	한입 크기로 썬다. 너무 잘게 자르지 않는다	
R10.prep.2	strings.js · R10	切段	어슷썬다	
R11.title	strings.js · R11	不用銅盤的銅盤烤肉	서울식 불고기	
R11.subtitle	strings.js · R11	肉肉派菇菇派都愛。平底鍋燜出甜汁，最後要拌飯。	고기파도 버섯파도 좋아해. 자작하게 끓이고 마지막엔 밥.	
R11.note	strings.js · R11	洋蔥跟菇鋪在底層不是擺好看的，能出甜汁還能防黏鍋。牛肉輕輕抓勻就好，揉太用力煮完碎成渣。	양파랑 버섯 바닥에 까는 건 장식 아니야. 채수도 나오고 고기 눌어붙는 거 막아줘. 고기는 살살 버무려야 안 부서져.	
R11.murmur	strings.js · R11	冬粉吸飽肉汁先吃，最後再來拌飯。	육수 밴 당면 먼저, 마무리는 밥 비비기.	
R11.urgent	strings.js · R11	這道不能臨時起意 —— 開火前一小時就要動手。	이건 즉흥으로 못 한다 —— 불 켜기 한 시간 전에는 시작해야 한다.	
R11.stage.1	strings.js · R11	蔬菜鋪底	채소 바닥에 깔기	
R11.stage.2	strings.js · R11	牛肉冬粉燜滾	소고기와 당면 함께 끓이기	
R11.stage.3	strings.js · R11	吸汁收尾	당면에 국물 스며들게	
R11.step.1	strings.js · R11	把洋蔥絲、香菇片、杏鮑菇片、秀珍菇和胡蘿蔔絲均勻鋪在炒鍋底部。	양파, 표고버섯, 새송이버섯, 느타리버섯, 당근을 팬 바닥에 고르게 펼친다.	
R11.step.2	strings.js · R11	把醃好的牛肉連同全部醃醬，一起倒在蔬菜和菇類上。	재운 소고기와 남은 양념을 전부 채소와 버섯 위에 붓는다.	
R11.step.3	strings.js · R11	把泡軟並瀝乾的韓式冬粉鋪在牛肉旁，盡量讓冬粉接觸到醬汁。	불린 뒤 물기를 뺀 당면을 소고기 옆에 놓고 최대한 양념에 닿게 한다.	
R11.step.4	strings.js · R11	開大火，蓋上鍋蓋燜煮 4–5 分鐘，直到湯汁煮滾、牛肉變色。	센 불로 올리고 뚜껑을 덮어 4–5분 끓인다. 국물이 끓고 소고기 색이 변하면 된다.	
R11.step.5	strings.js · R11	打開鍋蓋，用筷子把牛肉片撥散。再把冬粉往下壓，讓它浸入湯汁。	뚜껑을 열고 젓가락으로 소고기를 풀어 준다. 당면은 아래로 눌러 국물에 잠기게 한다.	
R11.step.6	strings.js · R11	轉中小火，繼續煮 2–3 分鐘，讓冬粉吸收湯汁。	중약불로 줄여 2–3분 더 끓이며 당면이 국물을 흡수하게 한다.	
R11.step.7	strings.js · R11	試一口湯。若冬粉吸汁後味道偏鹹或太濃，補水 2–3 湯匙調整。	국물을 맛본다. 당면이 국물을 흡수한 뒤 짜거나 너무 진하면 물 2–3큰술을 더해 조절한다.	
R11.step.8	strings.js · R11	起鍋前 1 分鐘加入大蔥段，翻拌幾下後關火。	불 끄기 1분 전에 대파를 넣고 몇 번 섞은 뒤 불을 끈다.	
R11.tip.1	strings.js · R11	牛肉片只要輕輕抓勻醃料。薄片揉太久容易破，煮完也會碎成小片。	소고기에는 양념이 고루 묻을 정도로만 가볍게 버무린다. 얇은 고기를 오래 주무르면 찢어지고 익힌 뒤에도 잘게 부서진다.	
R11.tip.2	strings.js · R11	冬粉泡到能彎折、不再硬挺再下鍋。沒泡透會外面軟、中間硬，還會在鍋裡繼續猛吸湯汁。	당면이 잘 휘고 딱딱하지 않을 때까지 불린 뒤 넣는다. 덜 불리면 겉은 부드러워도 가운데가 딱딱하고, 냄비 안에서 국물도 지나치게 많이 흡수한다.	
R11.tip.3	strings.js · R11	菇類可以自由混搭。香菇、杏鮑菇、秀珍菇、鴻喜菇都可以，切成差不多大小再一起下鍋。	버섯은 자유롭게 섞어도 된다. 표고, 새송이, 느타리, 만가닥버섯 모두 좋다. 비슷한 크기로 손질해 함께 넣는다.	
R11.tip.4	strings.js · R11	蔬菜鋪底不是裝飾。洋蔥和菇類會先出水帶甜味，也能隔開牛肉和鍋底，減少黏鍋。	채소를 바닥에 까는 건 장식이 아니다. 양파와 버섯에서 수분과 단맛이 먼저 나오고, 소고기가 팬 바닥에 직접 닿는 것도 줄여 준다.	
R11.prep.1	strings.js · R11	擦乾後切成一口大小，放入梨汁醃醬中醃至少 1 小時	물기를 닦아 한입 크기로 자르고 배즙 양념에 최소 1시간 재운다	
R11.prep.2	strings.js · R11	先在保鮮盒中調勻，再放入牛肉	밀폐용기에 먼저 섞은 뒤 소고기를 넣는다	
R11.prep.3	strings.js · R11	用冷水泡至少 30 分鐘，泡軟後瀝乾	찬물에 최소 30분 불리고 부드러워지면 물기를 뺀다	
R11.prep.4	strings.js · R11	切絲	채 썬다	
R11.prep.5	strings.js · R11	切細絲	가늘게 채 썬다	
R11.prep.6	strings.js · R11	切片	얇게 썬다	
R11.prep.7	strings.js · R11	切片	얇게 썬다	
R11.prep.8	strings.js · R11	撕成小朵	먹기 좋게 찢는다	
R11.prep.9	strings.js · R11	斜切段	어슷썬다	
R12.title	strings.js · R12	澱粉回魂脆邊馬鈴薯餅	감자전	
R12.subtitle	strings.js · R12	沉澱澱粉抓回來才夠 Q 彈，邊邊煎脆配洋蔥醬汁。	가라앉은 전분 넣어야 겉바속쫀. 양파장아찌 찍먹이 정석.	
R12.note	strings.js · R12	馬鈴薯絲分批抓一小坨用力擠乾，底下的沉澱澱粉抓回來拌勻。油給足煎到邊緣焦黃再翻面。	감자채는 조금씩 쥐고 꽉 짜서 물기 빼기. 가라앉은 전분은 다시 섞고, 기름 넉넉히 둘러 노릇해지면 뒤집어.	
R12.murmur	strings.js · R12	最焦脆的那圈邊緣，誰都別跟我搶。	제일 바삭한 테두리는 아무도 손대지 마.	
R12.stage.1	strings.js · R12	澱粉拌回去	전분 다시 섞기	
R12.stage.2	strings.js · R12	兩面煎脆	양면 바삭하게	
R12.step.1	strings.js · R12	把擠乾的馬鈴薯絲和碗底沉澱的澱粉拌勻。	물기를 짠 감자채와 그릇 바닥에 가라앉은 전분을 고루 섞는다.	
R12.step.2	strings.js · R12	平底鍋倒入比平常煎蛋稍多的油，以中火加熱。	팬에 달걀 프라이할 때보다 조금 많은 기름을 두르고 중불로 달군다.	
R12.step.3	strings.js · R12	把馬鈴薯糊分成兩份放入鍋中，用湯匙或鍋鏟壓成大餅。要加青辣椒的話，這時把辣椒片鋪在表面。	감자 반죽을 두 덩이로 나눠 팬에 올리고 숟가락이나 주걱으로 넓적하게 누른다. 풋고추를 넣을 거면 이때 위에 올린다.	
R12.step.4	strings.js · R12	中火煎到邊緣開始變透明、底部金黃後再翻面。太早翻容易裂開。	중불에서 가장자리가 투명해지기 시작하고 바닥이 노릇해지면 뒤집는다. 너무 일찍 뒤집으면 갈라지기 쉽다.	
R12.step.5	strings.js · R12	翻面後再煎 3–4 分鐘，直到兩面金黃、邊緣微脆即可起鍋。	뒤집은 뒤 3–4분 더 구워 양면이 노릇하고 가장자리가 살짝 바삭해지면 꺼낸다.	
R12.tip.1	strings.js · R12	這道建議配韓式醬醃洋蔥。薯餅本身不放鹽，洋蔥和醬汁正好補上酸、甜、鹹味。	이 레시피는 감자전에 소금을 따로 넣지 않는다. 양파장아찌와 장아찌 국물이 간을 채워 주기 때문이다.	
R12.tip.2	strings.js · R12	馬鈴薯絲要擠乾一點。水分太多會變成馬鈴薯糊，不容易成形，邊緣也煎不脆。	감자채는 물기를 충분히 짠다. 수분이 많으면 감자죽처럼 되어 모양 잡기 어렵고 가장자리도 바삭해지지 않는다.	
R12.tip.3	strings.js · R12	油別太省。鍋底要有一層薄油，邊緣才會煎出金黃脆殼；油太少只會乾乾地上色。	기름은 너무 아끼지 않는다. 팬 바닥에 얇게 깔릴 정도는 있어야 가장자리가 노릇하고 바삭해진다. 너무 적으면 마르게 색만 난다.	
R12.prep.1	strings.js · R12	去皮刨細絲並擠乾；擠出的水用碗接住，靜置 10 分鐘。倒掉上層水，保留碗底沉澱的白色澱粉	껍질을 벗겨 가늘게 채 친 뒤 물기를 꼭 짠다. 나온 물은 그릇에 받아 10분 둔다. 위의 물은 따라 버리고 바닥에 가라앉은 하얀 전분은 남긴다	
R12.prep.2	strings.js · R12	切薄片，最後鋪在表面	송송 썰어 마지막에 위에 올린다	
R13.title	strings.js · R13	紫蘇油拌蕎麥麵	들기름막국수	
R13.subtitle	strings.js · R13	煮麵四分鐘、拌勻十秒。紫蘇油香到不用嚼。	면 4분 비비기 10초. 들기름 향에 그냥 호로록 넘어감.	
R13.note	strings.js · R13	麵煮好一定要冷水搓洗，雙手輕輕把水擠乾，醬汁才巴得住。糖和醋各半茶匙別省，收尾俐落全靠它。	면 삶고 찬물에 비벼 씻은 뒤 손으로 물기 살짝 짜주기. 설탕이랑 식초 반 작은술이 들기름 느끼함 싹 잡아줘.	
R13.murmur	strings.js · R13	拌好了就吃，別拍照了。	비볐으면 바로 먹어. 사진은 됐고.	
R13.stage.1	strings.js · R13	麵煮好立刻沖洗	면 삶고 바로 헹구기	
R13.stage.2	strings.js · R13	拌好就吃	비비자마자 먹기	
R13.step.1	strings.js · R13	滾水下蕎麥麵，煮 4–5 分鐘。	끓는 물에 메밀면을 넣고 4–5분 삶는다.	
R13.step.2	strings.js · R13	撈起後立刻放進冷水，雙手把麵反覆搓洗 2–3 次。洗到表面滑順、手上幾乎沒有黏黏的澱粉感。	삶은 면은 바로 찬물에 넣고 두 손으로 바락바락 비벼 2–3번 씻는다. 면이 매끈해지고 손에 미끈한 전분기가 거의 남지 않으면 된다.	
R13.step.3	strings.js · R13	瀝乾後再用雙手輕輕擠一下，把麵裡多餘的水擠出來。留水的話醬汁會浮在外面，吃到最後碗底會積一灘。	물기를 뺀 뒤 두 손으로 가볍게 쥐어 면 속에 남은 물기까지 짜낸다. 물이 남으면 양념이 겉돌고, 다 먹을 때쯤 그릇 바닥에 물이 고인다.	
R13.step.4	strings.js · R13	把麵放進醬汁碗裡拌勻，讓整體均勻帶上油亮。	양념장이 든 그릇에 면을 넣고 전체에 윤기가 돌도록 고루 비빈다.	
R13.step.5	strings.js · R13	盛盤後先撒上蔥花，再鋪上大把海苔。想加蛋黃或小黃瓜的話，這時放上去。	그릇에 담고 쪽파를 뿌린 뒤 김을 넉넉히 올린다. 노른자나 오이를 곁들이고 싶으면 이때 올린다.	
R13.step.6	strings.js · R13	有加蛋黃的話，吃之前戳破一起拌開。	노른자를 올렸다면 먹기 직전에 터뜨려 함께 비빈다.	
R13.tip.1	strings.js · R13	醬油照比例調就好別多加。海苔已有鹹度，醬汁嘗起來剛好即可；換濃醬油從 1.5 湯匙開始。	간장은 딱 정량만. 김에도 짠맛이 있어서 양념장은 살짝 슴슴해야 맞아. 진간장은 1.5큰술부터 시작.	
R13.tip.2	strings.js · R13	糖和醋都只有半茶匙，但別省。不是要吃出甜酸，而是讓紫蘇油的濃香收得更俐落。	설탕과 식초는 0.5작은술씩만 들어가지만 빼지 않는다. 단맛과 신맛을 내기보다 들기름의 고소한 맛이 무겁지 않게 정리해 준다.	
R13.tip.3	strings.js · R13	冷水搓洗不能省。把表面的澱粉洗掉，麵才不容易黏，口感也更俐落。洗到手上幾乎沒有滑黏感。	찬물에 바락바락 씻어 겉의 전분기를 충분히 빼야 면이 덜 달라붙고 식감도 깔끔해진다. 손에 미끈한 느낌이 거의 없어질 때까지 씻는다.	
R13.tip.4	strings.js · R13	拌好別放著。麵會繼續吸醬，紫蘇油的香氣也會慢慢鈍掉。拌好就是開吃的時間。	비빈 뒤 오래 두지 않는다. 면이 양념을 계속 빨아들이고 들기름 향도 점점 둔해진다. 비볐으면 바로 먹는다.	
R13.prep.1	strings.js · R13	全部在大碗裡混勻。白芝麻用手搓碎再加，最後嘗一口調整鹹淡	큰 그릇에 재료를 모두 섞는다. 통깨는 손으로 비벼 살짝 으깨 넣고, 마지막에 맛을 본 뒤 간을 맞춘다	
R13.prep.2	strings.js · R13	用剪刀剪成細條	가위로 가늘게 자른다	
R13.prep.3	strings.js · R13	切成蔥花	송송 썬다	
R13.prep.4	strings.js · R13	切細絲	가늘게 채 썬다	
R13.prep.5	strings.js · R13	分出蛋黃，蛋白留著別的用	노른자만 분리하고 흰자는 따로 둔다	
R14.title	strings.js · R14	鮮蝦蘆筍義大利麵	새우 아스파라거스 파스타	
R14.subtitle	strings.js · R14	蝦頭煉油是精髓。清爽歸清爽，鮮味不能少。	새우 머리로 기름 내기가 핵심. 산뜻해도 감칠맛은 챙겨야지.	
R14.note	strings.js · R14	蝦頭煎出紅油是靈魂，一片培根能撐住整盤底味。蒜片煎到微金黃就該收，蝦仁熟了先盛起才保得住彈嫩。	새우 머리로 빨간 기름 내는 게 핵심, 베이컨 한 장이 무게감 딱 잡아줘. 마늘 타면 쓰니까 노릇할 때 불 줄여.	
R14.murmur	strings.js · R14	蝦仁彈嫩、蒜油裹麵，這口不能讓。	탱글한 새우에 오일 착 감긴 맛, 양보 못 해.	
R14.stage.1	strings.js · R14	麵先下鍋	면 먼저 삶기	
R14.stage.2	strings.js · R14	逼出培根油炒蒜	베이컨 기름 내고 마늘 볶기	
R14.stage.3	strings.js · R14	蝦和蘆筍	새우와 아스파라거스	
R14.stage.4	strings.js · R14	乳化與檸檬收香	면수 넣고 볶아 레몬 마무리	
R14.step.1	strings.js · R14	深鍋加足量水煮滾，每 1 公升水加 1.5 茶匙鹽，再放入義大利麵。	깊은 냄비에 물을 넉넉히 끓이고 물 1L당 소금 1.5작은술을 넣은 뒤 면을 넣는다.	
R14.step.2	strings.js · R14	比包裝標示時間少煮 1 分鐘。撈麵前先留約 200ml 麵水。	포장지 표기 시간보다 1분 덜 삶는다. 면을 건지기 전에 면수 약 200ml를 따로 덜어 둔다.	
R14.step.3	strings.js · R14	平底鍋不放油，冷鍋放入培根，中小火慢慢煎到油脂釋出、邊緣微脆。培根先盛起，鍋裡的油留著。	팬에 기름을 두르지 않고 찬 팬에 베이컨을 넣는다. 중약불에서 천천히 구워 기름이 충분히 나오고 가장자리가 살짝 바삭해지면 건져 둔다. 팬에 남은 기름은 그대로 둔다.	
R14.step.4	strings.js · R14	轉中小火放入蝦頭，用培根油煎到蝦頭轉紅、頭裡的膏化開，用鍋鏟壓一壓把汁逼出來，再把蝦頭撈掉。（買蝦仁就跳過這一步）	중약불로 줄이고 새우 머리를 넣어 베이컨 기름에 굽는다. 머리가 붉어지고 내장이 녹아 나오면 주걱으로 눌러 즙을 짜낸 뒤 머리는 건져낸다. (손질 새우를 쓰면 이 단계는 건너뛴다)	
R14.step.5	strings.js · R14	同一鍋補少量橄欖油，放入蒜片，以小火慢慢煎到淡金黃色。不要煎焦。	같은 팬에 올리브오일을 조금 보태고 마늘을 넣어 약불에서 연한 금빛이 돌 때까지 천천히 익힌다. 태우지 않는다.	
R14.step.6	strings.js · R14	蝦仁平鋪下鍋，每面約 1–1.5 分鐘。蝦肉轉粉紅、中心變得不透明就立刻盛起。	새우가 겹치지 않게 팬에 놓고 한 면당 1–1.5분씩 굽는다. 분홍빛이 돌고 속까지 불투명해지면 바로 건진다.	
R14.step.7	strings.js · R14	蘆筍下鍋翻炒 1–2 分鐘，倒入白酒，再煮約 30 秒讓酒氣散去。	아스파라거스를 넣고 1–2분 볶은 뒤 화이트와인을 붓고 약 30초 더 끓여 알코올 향을 날린다.	
R14.step.8	strings.js · R14	麵條撈起後直接移進平底鍋，加入約 100ml 麵水，開大火快速翻拌，讓鍋裡的油脂和麵水乳化、均勻裹住麵條。太乾就少量補麵水；太濕就多收幾秒。	면을 건져 바로 팬에 옮기고 면수 약 100ml를 넣는다. 센 불에서 빠르게 섞어 기름과 면수가 유화되어 면에 고르게 달라붙게 한다. 뻑뻑하면 면수를 조금씩 더하고, 묽으면 몇 초 더 졸인다.	
R14.step.9	strings.js · R14	蝦仁和培根回鍋，關火後加入檸檬汁和檸檬皮屑，快速拌勻。	새우와 베이컨을 다시 넣는다. 불을 끈 뒤 레몬즙과 레몬 제스트를 넣어 빠르게 섞는다.	
R14.step.10	strings.js · R14	盛盤後撒少許松露鹽。想加起司就磨一點帕瑪森，立刻吃。	그릇에 담고 트러플 소금을 조금 뿌린다. 치즈를 곁들이고 싶으면 파르미지아노를 갈아 올리고 바로 먹는다.	
R14.tip.1	strings.js · R14	培根只放一片，但煎出來的油是這道麵的底味，別倒掉。	베이컨은 한 장만 들어가지만, 여기서 나온 기름이 파스타의 밑맛을 잡아 준다. 버리지 않는다.	
R14.tip.2	strings.js · R14	蒜片用小火慢慢煎到淡金色就好。焦掉會直接帶苦味。	마늘은 약불에서 연한 금빛이 돌 정도까지만 익힌다. 타면 쓴맛이 난다.	
R14.tip.3	strings.js · R14	蝦熟了就先盛起，最後再回鍋。這樣比較容易保住彈嫩口感。	새우는 익으면 먼저 건져 두었다가 마지막에 다시 넣는다. 그래야 탱글한 식감을 지키기 쉽다.	
R14.tip.4	strings.js · R14	麵水先留著。它不只是補水，也用來調整醬汁濃度，讓油脂更容易均勻巴在麵上。	면수는 미리 남겨 둔다. 수분을 보충하는 것뿐 아니라 소스 농도를 맞추고 기름이 면에 고르게 붙도록 도와준다.	
R14.prep.1	strings.js · R14	剝殼去腸泥，蝦頭留著；蝦仁吸乾水分，撒鹽和黑胡椒略醃	껍질을 벗기고 내장을 제거한다. 머리는 따로 둔다. 몸통은 키친타월로 물기를 닦고 소금과 후추로 가볍게 밑간한다	
R14.prep.2	strings.js · R14	切掉底部硬梗，斜切成 4cm 段	질긴 밑동을 자르고 4cm 길이로 어슷썬다	
R14.prep.3	strings.js · R14	切粗條	굵게 썬다	
R14.prep.4	strings.js · R14	切薄片	얇게 썬다	
R14.prep.5	strings.js · R14	刨下黃色表皮，果汁另外擠出備用	노란 겉껍질만 갈아 두고 즙은 따로 짜 둔다	
R15.title	strings.js · R15	蘆筍菌菇燉飯	아스파라거스 버섯 리조또	
R15.subtitle	strings.js · R15	熱高湯一勺一勺加，米心微硬才是懂吃。	뜨거운 육수 한 국자씩, 살짝 씹히는 쌀알이 찐이야.	
R15.note	strings.js · R15	蘆筍香氣從高湯就開始，菇類多放幾種風味更厚。最後奶油和起司一拌進去，站這十幾分鐘值得。	아스파라거스 향은 육수에서부터 시작하고 버섯도 취향껏 듬뿍. 마지막에 버터랑 치즈 싹 섞으면 서서 저은 보람이 있어.	
R15.murmur	strings.js · R15	春夏就該吃點清爽的。	산뜻해서 봄여름에 딱이야.	
R15.stage.1	strings.js · R15	蘆筍高湯先煮	아스파라거스 육수	
R15.stage.2	strings.js · R15	炒香洋蔥和菇	양파와 버섯 볶기	
R15.stage.3	strings.js · R15	烘米、嗆酒	쌀 볶고 화이트와인 날리기	
R15.stage.4	strings.js · R15	分次補熱高湯	뜨거운 육수 조금씩	
R15.stage.5	strings.js · R15	關火乳化	불 끄고 만테카투라	
R15.step.1	strings.js · R15	牛骨高湯 750ml 加熱，把蘆筍硬梗一起放進去，之後全程保持熱燙。	사골 육수 750ml를 데우고 아스파라거스 밑동을 넣는다. 조리하는 동안 계속 뜨겁게 유지한다.	
R15.step.2	strings.js · R15	鍋中加入橄欖油和少量奶油，小火炒洋蔥末 5–7 分鐘，到完全透明、沒有上色。	냄비에 올리브오일과 버터를 조금 넣고 양파를 약불에서 5–7분 볶는다. 색이 나지 않고 완전히 투명해지면 된다.	
R15.step.3	strings.js · R15	菇碎下鍋，中大火炒到出水收乾、邊緣微微金黃，撒少許鹽。全部留在鍋中。	다진 버섯을 넣고 중강불에서 물기가 날아가고 가장자리가 살짝 노릇해질 때까지 볶는다. 소금을 조금 뿌리고 그대로 냄비에 둔다.	
R15.step.4	strings.js · R15	加入燉飯米，中火翻炒 2–3 分鐘，直到米粒摸起來熱、表面帶光澤。	쌀을 넣고 중불에서 2–3분 볶아 쌀알이 충분히 뜨거워지고 표면에 윤기가 돌게 한다.	
R15.step.5	strings.js · R15	倒入白酒 50ml，煮到明顯酒氣散去。	화이트와인 50ml를 붓고 알코올 향이 충분히 날아갈 때까지 끓인다.	
R15.step.6	strings.js · R15	從這裡開始計時 16–17 分鐘。每次加入一勺熱高湯，常常攪拌；前一勺大致被吸收後再加下一勺，維持輕柔滾泡。	여기서부터 16–17분을 잰다. 뜨거운 육수를 한 국자씩 넣고 자주 저으며, 앞서 넣은 육수가 대부분 흡수되면 다음 육수를 넣는다. 중약불에서 잔잔하게 끓는 상태를 유지한다.	
R15.step.7	strings.js · R15	第 8 分鐘加入蘆筍中段。	8분째에 아스파라거스 가운데 부분을 넣는다.	
R15.step.8	strings.js · R15	第 15 分鐘加入蘆筍嫩頭（留 4–5 根給擺盤），只煮 1–2 分鐘。	15분째에 아스파라거스 끝부분을 넣고 1–2분만 익힌다. 장식용으로 4–5개는 남겨 둔다.	
R15.step.9	strings.js · R15	米粒熟而仍保有一點芯、鍋裡還有流動感時關火。加入冷藏奶油和帕瑪森，快速而有力地拌 1–2 分鐘，直到整鍋滑順、晃動鍋子時會像波浪一樣流動。	쌀알이 익으면서도 중심에 살짝 탄력이 남고 전체가 촉촉하게 흐를 때 불을 끈다. 차갑게 둔 버터와 파르미지아노를 넣고 1–2분 힘 있게 섞어 부드럽고 크리미하게 만든다. 냄비를 흔들었을 때 물결치듯 흐르면 된다.	
R15.step.10	strings.js · R15	撒黑胡椒。想加松露油的話最後少量繞一圈，立刻盛盤。	후추를 뿌린다. 트러플 오일을 넣고 싶으면 마지막에 조금 두르고 바로 담아낸다.	
R15.step.11	strings.js · R15	另起一支小鍋，用少許奶油把蘑菇片和留下的蘆筍嫩頭煎到金黃，盛盤後鋪在燉飯上。	작은 팬에 버터를 조금 넣고 슬라이스한 양송이버섯과 남겨 둔 아스파라거스 끝부분을 노릇하게 구워, 담아낸 리조또 위에 올린다.	
R15.tip.1	strings.js · R15	硬梗別丟，丟進高湯煮，蘆筍香會從底味就開始。	질긴 밑동은 버리지 않고 육수에 넣어 끓인다. 아스파라거스 향을 육수부터 쌓을 수 있다.	
R15.tip.2	strings.js · R15	高湯要一直保持熱燙。冷高湯一下鍋會讓鍋內溫度明顯下降，燉煮節奏容易被打斷。	육수는 계속 뜨겁게 유지한다. 차가운 육수를 넣으면 냄비 온도가 크게 떨어져 조리 흐름이 끊기기 쉽다.	
R15.tip.3	strings.js · R15	收尾用的奶油先冷藏，離火後再和起司一起拌入，質地比較好控制。重點不是「冰奶油才會乳化」，而是離火後充分拌勻。	마무리용 버터는 차갑게 두었다가 불을 끈 뒤 치즈와 함께 넣으면 질감을 잡기 좋다. 핵심은 차가운 버터 자체보다 불에서 내린 뒤 충분히 섞는 것이다.	
R15.tip.4	strings.js · R15	完成的燉飯不是站成一坨，而是晃鍋時會緩緩流動。太稠就補少量熱高湯；太稀就先多收一點再關火。	완성된 리조또는 덩어리처럼 서 있지 않고 냄비를 흔들면 천천히 흘러야 한다. 너무 되면 뜨거운 육수를 조금 더하고, 너무 묽으면 불을 끄기 전에 조금 더 졸인다.	
R15.prep.1	strings.js · R15	分成三部分：嫩頭切下，中段斜切 2cm，硬梗留著煮高湯	세 부분으로 나눈다. 부드러운 끝부분은 따로 두고, 가운데는 2cm 길이로 어슷썬다. 질긴 밑동은 육수용으로 남긴다	
R15.prep.2	strings.js · R15	全部切碎 —— 要碎到能融進飯裡，不是切片	전부 잘게 다진다 — 밥에 녹아들 정도로 곱게, 슬라이스가 아니다	
R15.prep.3	strings.js · R15	切片，留著跟蘆筍嫩頭一起煎，最後擺盤用	얇게 썰어 두고, 아스파라거스 끝부분과 함께 구워 마지막에 올린다	
R15.prep.4	strings.js · R15	切極細末	아주 잘게 다진다	
R15.prep.5	strings.js · R15	現磨	강판에 갈아 둔다	
R15.prep.6	strings.js · R15	分兩份；收尾那份冷藏到要用	두 몫으로 나누고 마무리용은 쓸 때까지 냉장한다	
R16.title	strings.js · R16	阿馬特里恰納義大利麵	아마트리치아나	
R16.subtitle	strings.js · R16	羅馬正統經典。Guanciale 與 DOP 番茄，不接受代換。	로마 파스타의 찐 클래식. 관찰레와 DOP 토마토, 대체 불가.	
R16.note	strings.js · R16	這道我只認 Guanciale。豬頰肉煎出油、別偷偷換培根，羅馬人看著你！	이건 무조건 관찰레야. 돼지 볼살 기름 내고 몰래 베이컨 쓰지 마. 로마인들이 지켜보고 있다!	
R16.murmur	strings.js · R16	誰敢偷加大蒜我就回樹上。	마늘 넣는 순간 난 나무로 도망간다.	
R16.stage.1	strings.js · R16	Guanciale 冷鍋逼油	관찰레 기름 내기	
R16.stage.2	strings.js · R16	番茄收濃	토마토 소스 졸이기	
R16.stage.3	strings.js · R16	煮麵	면 삶기	
R16.stage.4	strings.js · R16	合體拌起司	합쳐서 페코리노 섞기	
R16.step.1	strings.js · R16	Guanciale 放進冷鍋，開中小火慢慢煎 8–10 分鐘，讓油脂逐漸釋出、表面變得金黃酥脆。火太大會讓外面先焦。	관찰레를 차가운 팬에 넣고 중약불에서 8–10분 천천히 굽는다. 기름이 충분히 나오고 겉이 노릇하고 바삭해지면 된다. 불이 너무 세면 겉이 먼저 탈 수 있다.	
R16.step.2	strings.js · R16	Guanciale 盛起，鍋裡的油脂全部留著。	바삭해진 관찰레는 건져 두고 팬에 남은 기름은 그대로 둔다.	
R16.step.3	strings.js · R16	把捏碎的番茄倒進 Guanciale 的油脂裡，加入少許義式乾辣椒，中小火煮約 15 分鐘，收到醬汁濃稠、有光澤。	으깬 산 마르자노 DOP 홀토마토를 관찰레 기름에 붓고 페페론치노를 넣는다. 중약불에서 약 15분 끓여 소스가 걸쭉해지고 윤기가 돌게 한다.	
R16.step.4	strings.js · R16	另一鍋滾水加鹽，麵條比包裝標示時間少煮 1 分鐘。撈起前留約 200ml 麵水。	다른 냄비에 물을 끓이고 소금을 넣는다. 면은 포장지 표기 시간보다 1분 덜 삶고, 건지기 전에 면수 약 200ml를 따로 덜어 둔다.	
R16.step.5	strings.js · R16	麵條直接移進番茄醬鍋，加入大部分 Guanciale，大火快速翻拌，讓醬汁均勻巴住麵條。太乾就少量補麵水。	면을 토마토 소스 팬에 바로 옮기고 관찰레를 대부분 넣는다. 센 불에서 빠르게 섞어 소스가 면에 고르게 달라붙게 한다. 뻑뻑하면 면수를 조금씩 더한다.	
R16.step.6	strings.js · R16	關火後加入大部分 Pecorino Romano，快速拌勻。太乾時補一點麵水，讓起司和醬汁融合。	불을 끈 뒤 페코리노 로마노를 대부분 넣고 빠르게 섞는다. 너무 뻑뻑하면 면수를 조금 보태 치즈와 소스가 고루 어우러지게 한다.	
R16.step.7	strings.js · R16	盛盤後放上剩下的 Guanciale 和 Pecorino Romano，現磨黑胡椒，立刻吃。	그릇에 담고 남은 관찰레와 페코리노 로마노를 올린다. 후추를 갈아 뿌리고 바로 먹는다.	
R16.tip.1	strings.js · R16	Guanciale 是鹽漬風乾豬頰肉，脂肪熔點低且自帶黑胡椒香，是這鍋醬汁不可取代的油脂底味。	관찰레는 소금에 절여 숙성한 돼지 볼살이다. 녹는점이 낮고 후추 향이 배어 있어 이 소스의 대체 불가능한 기름 밑바탕이 된다.	
R16.tip.2	strings.js · R16	別自作聰明加蒜或洋蔥。這鍋醬汁只靠 Guanciale、番茄與羊起司的純粹平衡。	마늘이나 양파는 절대 넣지 않는다. 정통 소스는 관찰레 기름, 토마토, 페코리노의 순수한 균형이 전부다.	
R16.tip.3	strings.js · R16	Guanciale 一定要冷鍋下、中小火慢慢煸。目的是把油脂完整逼出，火太大外面先焦了肉裡還是油。	관찰레는 찬 팬에서 중약불로 천천히 굽는다. 지방을 충분히 녹여 내는 것이 목적이며, 불이 세면 겉만 타고 기름은 안에 갇힌다.	
R16.tip.4	strings.js · R16	番茄認明 San Marzano DOP 整番茄。官方規格雖無硬性規定，但這份食譜的甜酸比就靠它。	토마토는 산 마르자노 DOP 홀토마토를 확인한다. 공식 규격에 없더라도 이 레시피의 산미와 단맛 균형은 여기서 나온다.	
R16.tip.5	strings.js · R16	關火後再拌入現磨 Pecorino Romano。用鍋中餘溫化開起司，才不會結成一坨坨的顆粒。	불을 끈 뒤 갈아 둔 페코리노 로마노를 넣는다. 팬의 잔열로 치즈를 녹여야 뭉치지 않고 매끄럽게 섞인다.	
R16.prep.1	strings.js · R16	切成約 0.5cm 厚的長條	약 0.5cm 두께의 길쭉한 조각으로 썬다	
R16.prep.2	strings.js · R16	用手捏碎	손으로 으깬다	
R16.prep.3	strings.js · R16	現磨	곱게 갈아 둔다	
R17.title	strings.js · R17	米蘭番紅花燉飯	밀라노식 사프란 리조또	
R17.subtitle	strings.js · R17	金黃色是番紅花給的。這鍋值得你站著攪十幾分鐘。	사프란의 찐 황금빛. 십 분 넘게 서서 저을 가치 있음.	
R17.note	strings.js · R17	番紅花用溫高湯泡，千萬別用沸水燙壞香氣。收尾一定要用冰奶油和起司甩鍋，橄欖油做不出那種絲滑感。	사프란은 따뜻한 육수에 우려, 펄펄 끓는 물은 향 다 날아가. 마무리는 차가운 버터랑 치즈로 쳐야 찰지게 감겨.	
R17.murmur	strings.js · R17	番紅花泡好了沒？這抹金黃不能催。	사프란 다 우려 놨지? 이 황금빛은 못 보채.	
R17.stage.1	strings.js · R17	高湯先煮上	육수 끓여 두기	
R17.stage.2	strings.js · R17	炒洋蔥、烘米	양파 볶고 쌀 볶기	
R17.stage.3	strings.js · R17	嗆酒	화이트와인 날리기	
R17.stage.4	strings.js · R17	分次補熱高湯	뜨거운 육수 조금씩	
R17.stage.5	strings.js · R17	關火乳化	불 끄고 만테카투라	
R17.step.1	strings.js · R17	高湯 700ml 加熱，之後轉小火，料理全程保持熱燙。	육수 700ml를 데운 뒤 약불로 낮춰 조리하는 동안 계속 뜨겁게 유지한다.	
R17.step.2	strings.js · R17	厚底鍋下奶油 25g，小火炒洋蔥末 5–7 分鐘到完全透明軟化，絕對不能焦。	두꺼운 냄비에 버터 25g을 넣고 약불에서 양파를 5–7분 볶아 완전히 투명하고 부드럽게 만든다. 절대 태우지 않는다.	
R17.step.3	strings.js · R17	加入燉飯米，中火翻炒 2–3 分鐘，到米粒邊緣透明、表面吸飽奶油變光亮。	쌀을 넣고 중불에서 2–3분 볶아 쌀알 가장자리가 투명해지고 버터를 머금어 윤기가 돌게 한다.	
R17.step.4	strings.js · R17	倒入白酒 50ml，大火讓酒氣完全揮發，約 30–40 秒。	화이트와인 50ml를 붓고 센 불에서 알코올 향이 충분히 날아갈 때까지 끓인다.	
R17.step.5	strings.js · R17	從這裡開始計時約 17 分鐘。每次只加一勺熱高湯，攪拌到幾乎收乾再加下一勺，中小火保持輕柔滾泡。	여기서부터 약 17분을 잰다. 뜨거운 육수를 한 국자씩만 넣고 거의 졸아들면 다음 국자를 넣는다. 중약불에서 잔잔하게 끓는 상태를 유지한다.	
R17.step.6	strings.js · R17	第 8 分鐘，把番紅花連同浸泡的高湯一起倒進去，攪拌均勻 —— 整鍋瞬間變成深金黃色。	8분째에 사프란을 우린 육수째 붓고 고루 섞는다. 냄비 전체가 단숨에 진한 황금빛으로 바뀐다.	
R17.step.7	strings.js · R17	17–18 分鐘開始試吃。米粒外面軟、中心還留一點咬勁就是到了，這時候直接關火 —— 高湯沒用完沒關係，硬要把它加完，燉飯就變成粥了。	17–18분이 되면 맛을 본다. 쌀알 겉은 부드럽고 중심에 살짝 심이 씹히면 다 된 것이니 바로 불을 끈다. 육수가 남아도 괜찮다. 억지로 다 넣으면 죽이 된다.	
R17.step.8	strings.js · R17	關火，加入冷藏的奶油 25g 和帕瑪森起司，用力攪拌 1–2 分鐘，到燉飯呈現波浪狀的流動感。	불을 끄고 차갑게 둔 버터 25g과 파르미지아노 치즈를 넣어 1–2분 힘 있게 섞는다. 냄비를 흔들었을 때 물결치듯 흐르면 된다.	
R17.step.9	strings.js · R17	撒黑胡椒，立刻上桌。	후추를 뿌리고 바로 낸다.	
R17.tip.1	strings.js · R17	不需要放橄欖油。傳統版本靠奶油，油加多了反而失去那個滑順感。	올리브오일은 넣지 않는다. 전통적인 방식은 버터로만 가고, 기름을 더하면 오히려 그 매끄러운 질감이 사라진다.	
R17.tip.2	strings.js · R17	番紅花不能用沸水泡，高溫會把香氣破壞掉。用溫熱的高湯，泡越久顏色越深、香氣越足。	사프란은 끓는 물에 우리지 않는다. 높은 온도가 향을 망친다. 따뜻한 육수에 우리고, 오래 우릴수록 색이 진해지고 향도 강해진다.	
R17.tip.3	strings.js · R17	烘米那步不能省。它決定燉飯最後的口感結構。	쌀을 볶는 단계는 건너뛰지 않는다. 완성된 리조또의 식감 구조가 여기서 결정된다.	
R17.tip.4	strings.js · R17	收尾的奶油一定要是冷的，冷熱對比才乳化得出那個奶滑感。做好不能等，放著會繼續收汁變乾。	마무리용 버터는 반드시 차가워야 한다. 차가운 버터와 뜨거운 밥의 온도 차가 있어야 크리미하게 유화된다. 완성한 뒤에는 두지 않는다. 두면 계속 졸아들어 뻑뻑해진다.	
R17.tip.5	strings.js · R17	配牛排或其他主菜當前菜的話，米縮到 120g、高湯縮到 500ml。	스테이크나 다른 메인 요리에 곁들여 전채로 낼 때는 쌀을 120g, 육수를 500ml로 줄인다.	
R18.title	strings.js · R18	烤肉店那鍋大醬湯	차돌 된장찌개	
R18.subtitle	strings.js · R18	牛胸肉煸出豐沛牛油。炒香大醬慢滾，香濃又解膩。	차돌 기름에 된장 달달 볶기. 밥 비벼 먹으면 극락.	
R18.note	strings.js · R18	大醬千萬別直接下水。先用牛油炒過才會有焦香，淘米水倒下去全程不蓋鍋蓋，湯頭濃而不濁。	된장은 물에 그냥 풀지 마. 차돌 기름에 달달 볶아야 찐 구수한 맛이 살아나. 뚜껑은 끝까지 열고 끓이기.	
R18.murmur	strings.js · R18	盛好白飯，這鍋我連湯底都喝乾淨。	밥 펐다. 이건 국물 한 방울 안 남길 예정.	
R18.stage.1	strings.js · R18	牛油爆香炒醬	차돌 기름 내고 된장 볶기	
R18.stage.2	strings.js · R18	蔬菜下鍋	채소 볶기	
R18.stage.3	strings.js · R18	注入淘米水	쌀뜨물 붓기	
R18.stage.4	strings.js · R18	豆腐櫛瓜滾透	두부와 애호박 익히기	
R18.stage.5	strings.js · R18	香氣收尾	마지막 향 내기	
R18.step.1	strings.js · R18	小奶鍋不放油，直接下牛胸肉薄片，開中火煸炒。	작은 냄비에 기름을 두르지 않고 차돌박이를 바로 넣어 중불에서 볶는다.	
R18.step.2	strings.js · R18	牛油逼出來、肉色轉白時，加入大醬、辣椒醬、蒜末和辣椒粉。	기름이 나오고 고기 색이 하얗게 변하면 된장, 고추장, 다진 마늘, 고춧가루를 넣는다.	
R18.step.3	strings.js · R18	快速翻炒 30 秒至 1 分鐘，讓大醬吸飽牛油炒出焦香。持續攪拌避免黏底燒焦。	30초–1분간 빠르게 볶아 된장이 기름을 머금고 구수한 향이 올라오게 한다. 계속 저어야 바닥에 눌어붙지 않는다.	
R18.step.4	strings.js · R18	倒入洋蔥塊和香菇片，跟鍋底牛肉大醬翻炒均勻，讓蔬菜表面裹上醬汁。	양파와 표고버섯을 넣고 바닥의 고기·된장과 함께 볶아 채소 겉에 양념이 고루 입혀지게 한다.	
R18.step.5	strings.js · R18	倒入淘米水 400 ml，轉大火煮滾。	쌀뜨물 400ml를 붓고 센 불에서 끓인다.	
R18.step.6	strings.js · R18	表面浮起少許牛油和血水浮沫時，用湯匙輕輕撈掉，湯頭會更乾淨清爽。	표면에 기름과 핏물 거품이 조금 뜨면 숟가락으로 살살 걷어 낸다. 국물이 훨씬 깔끔해진다.	
R18.step.7	strings.js · R18	煮滾後放入豆腐塊和櫛瓜片，轉中火滾 3 分鐘，讓豆腐充分吸飽湯汁。	끓어오르면 두부와 애호박을 넣고 중불에서 3분간 끓여 두부에 국물이 배게 한다.	
R18.step.8	strings.js · R18	起鍋前 1 分鐘撒入青辣椒圈和大蔥段，大火激出椒香蔥香，熱騰騰整鍋端上桌。	불을 끄기 1분 전에 고추와 대파를 넣고 센 불에서 향을 낸 뒤 뜨거운 채로 그대로 낸다.	
R18.tip.1	strings.js · R18	全程不蓋鍋蓋。讓大醬發酵的酸悶氣隨蒸氣散出，湯頭才甘醇。	끓이는 동안 뚜껑을 덮지 않는다. 된장의 텁텁한 향을 날려야 국물이 깔끔하고 구수해진다.	
R18.tip.2	strings.js · R18	牛胸肉不用另外放油。煸出來的牛油就是炒醬的天然油脂，整鍋底味全在這裡。	차돌박이는 따로 기름을 두르지 않는다. 고기에서 나온 고소한 기름이 된장을 볶는 밑바탕이 된다.	
R18.tip.3	strings.js · R18	大醬一定要炒過。直接下水大醬香氣容易散掉，牛油高溫逼炒才會激發深層焦香。	된장은 반드시 기름에 볶는다. 물에 바로 풀면 맛이 겉돌고, 볶아야 특유의 진한 풍미가 산다.	
R18.tip.4	strings.js · R18	淘米水與高湯選擇。淘米水裡的澱粉質能讓湯濃郁不分層；如果想要烤肉店那種極致厚重感，也可以補一顆韓式高湯錠。	쌀뜨물 전분기는 국물을 진하게 묶어 준다. 고깃집 특유의 묵직하고 진한 감칠맛을 원한다면 육수 큐브를 하나 넣어도 좋다.	
R18.tip.5	strings.js · R18	浮沫輕輕撈掉。煮滾後撈去表面多餘牛油與浮沫，湯頭清爽不油膩。	떠오르는 거품은 살살 걷어 낸다. 잡내와 불필요한 기름기를 잡아야 텁텁하지 않다.	
R18.prep.1	strings.js · R18	洗米時把第二次的水留下來	쌀을 씻을 때 두 번째 물을 받아 둔다	
R18.prep.2	strings.js · R18	切塊	큼직하게 썬다	
R18.prep.3	strings.js · R18	切塊	큼직하게 썬다	
R18.prep.4	strings.js · R18	切厚片	도톰하게 둥글게 썬다	
R18.prep.5	strings.js · R18	切片	얇게 썬다	
R18.prep.6	strings.js · R18	切圈	송송 썬다	
R18.prep.7	strings.js · R18	斜切段	어슷썬다	
R19.title	strings.js · R19	慢火厚煎蔬菜蛋餅	겉바속촉 애호박 채소전	
R19.subtitle	strings.js · R19	家裡有吃不完的櫛瓜？厚煎一次幫你消滅一整根。	냉장고에 굴러다니는 애호박? 도톰하게 한 판으로 순삭.	
R19.note	strings.js · R19	胡蘿蔔絲先炒過甜味才出得來。分成四五小塊厚厚地慢火煎，表面微焦焦的，才是真正的外脆內嫩。	당근채는 먼저 볶아야 단맛이 살아나. 네다섯 덩이로 도톰하게 올려 약불에 느긋하게 부쳐야 찐 겉바속촉이야.	
R19.murmur	strings.js · R19	沾優格醬還是直接吃？我先趁熱咬最脆的邊邊。	요거트 소스 찍먹? 난 갓 부친 바삭한 테두리부터.	
R19.stage.1	strings.js · R19	炒香胡蘿蔔	당근 볶기	
R19.stage.2	strings.js · R19	拌勻麵糊	반죽 섞기	
R19.stage.3	strings.js · R19	慢火厚煎	도톰하게 부치기	
R19.step.1	strings.js · R19	平底鍋下少許油，將胡蘿蔔絲和洋蔥絲炒軟、炒出甜香後盛出放涼備用。	팬에 기름을 살짝 두르고 당근채와 양파채를 볶아 숨을 죽이고 단맛을 낸 뒤 한 김 식힌다.	
R19.step.2	strings.js · R19	大碗中加入擠乾的櫛瓜絲、炒好的胡蘿蔔洋蔥、雞蛋、麵粉、鹽 1/4 茶匙與黑胡椒拌勻成濃稠麵糊。喜歡起司可磨入帕瑪森。	볼에 물기 짠 애호박채, 볶은 당근과 양파, 달걀, 밀가루, 소금 1/4작은술, 후추를 넣고 고루 섞는다. 취향에 따라 파르미지아노를 갈아 넣는다.	
R19.step.3	strings.js · R19	平底鍋倒適量油，中小火熱鍋，將麵糊分成 4–5 等份，舀入鍋中推成帶有厚度的小圓餅。	팬에 기름을 넉넉히 두르고 중약불로 달군 뒤, 반죽을 4–5등분으로 나누어 도톰하고 둥글게 올린다.	
R19.step.4	strings.js · R19	慢火耐心煎 3–4 分鐘至底部定型且微焦酥脆，翻面再煎 3 分鐘，煎至兩面金黃熟透即可起鍋。	바닥이 단단하게 굳고 노릇해질 때까지 3–4분간 천천히 굽고, 뒤집어 3분 더 구워 양면이 겉바속촉하게 익으면 꺼낸다.	
R19.tip.1	strings.js · R19	胡蘿蔔一定要先炒過。生胡蘿蔔直接下麵糊不容易熟透，先過油炒軟能激發脂溶性甜味與香氣。	당근은 반드시 먼저 볶는다. 생당근을 바로 넣으면 잘 익지 않고 겉도므로, 기름에 볶아 숨을 죽여야 단맛과 풍미가 살아난다.	
R19.tip.2	strings.js · R19	分小份厚煎。不要攤成大薄餅，分成 4–5 塊帶厚度的小餅，中小火慢煎才能達成外脆內嫩（겉바속촉）的口感。	도톰하게 나눠 부친다. 크게 얇게 펼치지 말고 4–5장으로 도톰하게 올려 중약불에 은근히 구워야 겉바속촉 식감이 완성된다.	
R19.tip.3	strings.js · R19	櫛瓜使勁擠乾。櫛瓜撒鹽出水後務必用力擠乾水分，麵糊才夠濃稠，厚煎時內部才不會濕黏軟爛。	애호박은 물기를 꽉 짠다. 절인 후 수분을 확실히 짜내야 반죽 농도가 잡히고, 도톰하게 부쳐도 속이 질척거리지 않는다.	
R19.tip.4	strings.js · R19	沾醬搭配。除了經典醬油醋，這道配希臘優格加點檸檬汁、黑胡椒調成的優格醬更是絕配，清爽奶香超解膩。	양념장 꿀조합. 기본 간장식초도 좋지만, 그릭 요거트에 레몬즙과 후추를 섞은 소스를 곁들이면 훨씬 산뜻하고 고급스러워.	
R19.prep.1	strings.js · R19	刨細絲，撒鹽 1/2 茶匙拌勻靜置 5–10 分鐘，再使勁擠乾水分	가늘게 채 썰어 소금 1/2작은술을 뿌려 버무린 뒤 5–10분 두었다가 물기를 꽉 짠다	
R19.prep.2	strings.js · R19	刨細絲備用	가늘게 채 썬다	
R19.prep.3	strings.js · R19	切細絲備用	가늘게 채 썬다	
R20.title	strings.js · R20	正宗台灣酥皮蔥油餅	대만 오리지널 겉바속촉 총유빙	
R20.subtitle	strings.js · R20	早餐配豆漿、宵夜加顆蛋，這口台灣味隨時來一張。	두유랑 먹어도 계란 얹어도 찰떡. 언제든 생각나는 대만의 맛.	
R20.note	strings.js · R20	擀的時候輕推就好別壓死層次。下鍋一定要馬上蓋鍋蓋悶煎，水分才不會跑光，熟透後再開大火逼出酥脆。	밀 때는 살살 밀어 결 살리기. 팬에 올리자마자 뚜껑 덮고 쪄내듯 구워야 수분이 안 날아가. 마지막에 센 불로 바삭하게.	
R20.murmur	strings.js · R20	剛起鍋燙得很，但蔥香太誘人停不下來。	갓 구워 뜨거운데 파향 때문에 멈출 수가 없어.	
R20.urgentNote	strings.js · R20	麵團要靜置 30 分鐘才好操作，開始前先把時間算進去。	반죽은 30분 쉬어야 다루기 좋아진다. 시작 전에 그 시간을 계산해 둘 것.	
R20.stage.1	strings.js · R20	燙麵揉團	익반죽 만들기	
R20.stage.2	strings.js · R20	靜置鬆弛	반죽 휴지하기	
R20.stage.3	strings.js · R20	調製油酥	오일 반죽 만들기	
R20.stage.4	strings.js · R20	擀捲盤起	말아서 성형하기	
R20.stage.5	strings.js · R20	蓋鍋悶煎	뚜껑 덮고 굽기	
R20.step.1	strings.js · R20	中筋麵粉 300g 加鹽 2g 拌勻，沖入滾水 165ml，邊倒邊用筷子快速攪成雪花狀。	중력분 300g에 소금 2g을 섞고, 끓는 물 165ml를 붓는다. 젓가락으로 빠르게 저어가며 몽글몽글 뭉친다.	
R20.step.2	strings.js · R20	加入冷水 60ml，用手揉成光滑無乾粉的麵團。	찬물 60ml를 넣고 손으로 치대어 매끈한 반죽을 만든다.	
R20.step.3	strings.js · R20	蓋上保鮮膜或濕布，室溫靜置鬆弛 30 分鐘。	랩이나 젖은 면포를 덮어 실온에서 30분간 휴지시킨다.	
R20.step.4	strings.js · R20	豬油或沙拉油 36ml 燒至微熱，趁熱沖入中筋麵粉 24g 與鹽 1g 中，攪成滑順油酥放涼備用。	기름 36ml를 따뜻하게 데워 중력분 24g과 소금 1g에 붓고 골고루 섞어 식혀 둔다.	
R20.step.5	strings.js · R20	麵團分成 4–5 份，每份輕輕擀成大薄片。均勻抹上一層油酥，再撒上抓醃好的蔥油內餡。	반죽을 4–5등분으로 나누고 얇고 넓게 민다. 오일 반죽을 바르고 파 소를 골고루 뿌린다.	
R20.step.6	strings.js · R20	從一端捲成長條狀，再由外向內盤成蝸牛狀，收口塞底層，手掌輕輕壓扁，鬆弛 5 分鐘。	돌돌 말아 긴 막대 모양으로 만든 뒤, 달팽이 모양으로 둥글게 말고 끝부분을 밑으로 넣어 손바닥으로 살짝 누른다. 5분간 둔다.	
R20.step.7	strings.js · R20	用擀麵棍輕推擀成厚薄均勻的圓片，切忌用力重壓。	밀대로 살살 밀어 일정한 두께의 원형으로 편다. 너무 세게 누르지 않는다.	
R20.step.8	strings.js · R20	平底鍋中火下適量油熱鍋，餅皮下鍋後立刻蓋上鍋蓋，中火悶煎 3–4 分鐘至內部熟透。	팬에 기름을 두르고 중불로 달군 뒤 반죽을 올리고 즉시 뚜껑을 덮는다. 3–4분간 쪄내듯 굽는다.	
R20.step.9	strings.js · R20	開蓋翻面，再次蓋上鍋蓋悶煎 2–3 分鐘。最後開蓋轉大火，兩面各煎 30 秒逼出多餘油脂與焦脆感。	뚜껑을 열고 뒤집은 뒤 다시 뚜껑을 덮어 2–3분 굽는다. 마지막에 뚜껑을 열고 센 불로 각 30초씩 바삭하게 구워 낸다.	
R20.step.10	strings.js · R20	起鍋後趁熱用雙手或抹布從兩端往中心推擠拍鬆，千層層次立刻蓬鬆酥脆。	꺼내자마자 양손으로 툭툭 쳐서 공기를 넣어주면 결이 부드럽고 바삭하게 살아난다.	
R20.tip.1	strings.js · R20	剛揉好的麵團黏手是正常的，靜置鬆弛後麵筋放鬆就會服貼好操作。切忌一直補乾粉，粉加多了餅身會乾硬。	처음 반죽이 질척거려도 정상이다. 휴지하면 다루기 쉬워지니 덧가루를 계속 넣지 않는다. 가루가 많으면 퍽퍽해진다.	
R20.tip.2	strings.js · R20	擀捲時手勁要輕。重壓會把中間的油酥層次擠死，前面捲麵皮的功夫全白費。	밀대로 밀 때 힘주어 누르지 않는다. 힘을 주면 겹이 뭉개져 결이 살아나지 않는다.	
R20.tip.3	strings.js · R20	必須蓋鍋蓋悶煎。千層餅有厚度，靠鍋中水蒸氣循環才能讓內部熟透多汁；一直開蓋煎水分蒸發，餅皮只會乾硬嚼不動。	뚜껑을 덮고 구워야 한다. 두께감이 있어 스팀으로 속까지 익혀야 수분이 유지된다. 열어두고 구우면 말라서 딱딱해진다.	
R20.tip.4	strings.js · R20	多做的生餅胚可墊烘焙紙層層分開、裝袋冷凍。想吃時不用退冰，直接下鍋小火蓋蓋慢煎，三分鐘美味開動。	남은 반죽은 종이호일을 깔고 겹쳐 냉동 보관한다. 해동 없이 그대로 팬에 올려 약불에 뚜껑 덮고 구우면 3분 완성.	
R20.prep.1	strings.js · R20	切末備用	다진다	
R20.prep.2	strings.js · R20	大蔥末加鹽 1.5g、芝麻油 4g 抓勻靜置醃製	다진 파에 소금 1.5g, 참기름 4g을 버무려 둔다	
R21.title	strings.js · R21	油香栗子雞腿燜飯	고소한 닭다리살 밤솥밥	
R21.subtitle	strings.js · R21	雞皮煎出豐沛油脂，每一粒米都吸飽肉香與栗子甜。	고소한 닭기름에 달큰한 밤. 밥알 하나하나 풍미 가득.	
R21.note	strings.js · R21	雞肉份量給足才過癮。雞皮先乾煎逼出精華雞油，肉塊抓點太白粉醃透，電子鍋悶完依然大塊多汁。	닭고기 듬뿍 올려야 찐이야. 껍질부터 바싹 구워 기름 내고, 전분에 재워 둬야 밥솥에 취사해도 육즙 팡팡.	
R21.murmur	strings.js · R21	這肉量才叫過癮，栗子留最後吃。	고기 이 정도는 얹어야지. 밤은 아껴뒀다 먹을래.	
R21.urgentNote	strings.js · R21	雞腿要先醃 20 分鐘，太白粉才鎖得住肉汁。	닭다리살은 20분 재워야 감자전분이 육즙을 잡아 준다.	
R21.stage.1	strings.js · R21	乾煎雞皮逼油	닭껍질 구워 기름 내기	
R21.stage.2	strings.js · R21	雞油爆香蔥蒜菇	닭기름에 채소 볶기	
R21.stage.3	strings.js · R21	電子鍋組合	밥솥에 안치기	
R21.stage.4	strings.js · R21	悶透翻拌	뜸 들이고 섞기	
R21.step.1	strings.js · R21	平底鍋不放油，去骨雞腿肉皮朝下，中小火慢煎 5–6 分鐘逼出豐沛雞油，煎至雞皮金黃焦香。	팬에 기름을 두르지 않고 닭다리살 껍질이 바닥으로 가도록 올려 중약불에서 5–6분간 굽는다. 기름을 충분히 내고 껍질이 노릇해지게 한다.	
R21.step.2	strings.js · R21	翻面再煎 1 分鐘至表面變色（不需全熟），盛起切成大厚塊備用。	뒤집어서 1분 더 구워 겉면만 익힌 뒤 꺼내어 큼직하게 썬다.	
R21.step.3	strings.js · R21	利用鍋中留下的精華雞油，下蔥白段和大蒜碎，中小火爆香至微微金黃。	팬에 남은 닭기름에 대파 흰 부분과 다진 마늘을 넣고 중약불에서 노릇하게 볶아 향을 낸다.	
R21.step.4	strings.js · R21	加入菇類快速翻炒至軟化，吸收雞油香氣後盛起備用。	버섯을 넣고 숨이 죽을 때까지 가볍게 볶아 닭기름을 입힌 뒤 덜어 둔다.	
R21.step.5	strings.js · R21	白米洗淨瀝乾放入電子鍋內鍋，倒入調好的調味汁，補清水至 1 米杯刻度偏低處（食材加熱會出水）。	씻어 물기를 뺀 쌀을 밥솥에 넣고 양념장을 붓는다. 채수와 육즙이 나오므로 물은 1컵 눈금보다 살짝 적게 맞춘다.	
R21.step.6	strings.js · R21	將雞腿肉塊、熟栗子、菇類、洋蔥絲與蔥白均勻鋪在米粒上方，切勿攪拌，按下一般炊飯模式。	쌀 위에 닭고기, 밤, 버섯, 양파, 대파를 골고루 얹는다. 섞지 말고 그대로 일반 취사를 누른다.	
R21.step.7	strings.js · R21	炊飯完成跳起後切勿開蓋，利用餘溫繼續悶 10 分鐘，讓米粒回穩吸飽蒸氣。	취사가 끝나도 뚜껑을 열지 않고 10분간 뜸을 들여 밥알에 수분과 향이 골고루 배게 한다.	
R21.step.8	strings.js · R21	開蓋後用飯匙由下往上輕柔翻拌均勻，撒上蔥綠蔥花與現磨黑胡椒即可享用。	뚜껑을 열고 주걱으로 아래에서 위로 살살 섞은 뒤 대파 초록 부분과 후추를 뿌려 낸다.	
R21.tip.1	strings.js · R21	太白粉鎖肉汁。雞肉先抓醃太白粉能封住肉汁，電子鍋高溫悶煮完依然大塊軟嫩不柴。	전분으로 육즙 가두기. 닭고기에 전분을 입혀 재워두면 밥솥에서 고온으로 익혀도 퍽퍽하지 않고 촉촉하다.	
R21.tip.2	strings.js · R21	水量一定要比平時少。雞肉、洋蔥和菇類在炊煮時會釋放大量水分，按正常水量煮出來米飯會過於濕爛。	물은 평소보다 적게 잡는다. 고기와 채소에서 수분이 나오므로 정상적으로 물을 맞추면 밥이 질척해진다.	
R21.tip.3	strings.js · R21	鋪料後千萬不要攪拌。攪拌會讓米粒沉底不均勻，容易導致底層受熱不均甚至夾生。	재료를 얹은 뒤 섞지 않는다. 쌀과 섞이면 열 전달이 고르지 않아 밥이 설익을 수 있다.	
R21.tip.4	strings.js · R21	跳起後必悶 10 分鐘。剛煮好時米心水分尚未平衡，多悶這 10 分鐘能讓米粒粒粒分明、口感Q彈。	취사 후 10분 뜸 들이기는 필수. 뜸을 들여야 수분이 밥알 속까지 고루 퍼져 찰기가 생긴다.	
R21.prep.1	strings.js · R21	去骨雞腿肉切一口大厚塊，放入雞腿醃料抓勻醃 20 分鐘	닭다리살은 큼직하게 썰어 양념에 버무려 20분 재운다	
R21.prep.2	strings.js · R21	在碗中調勻備用	그릇에 미리 섞어 둔다	
R21.prep.3	strings.js · R21	在小碗中調勻備用	작은 그릇에 미리 섞어 둔다	
R21.prep.4	strings.js · R21	洗淨瀝乾備用	씻어서 물기를 빼 둔다	
R21.prep.5	strings.js · R21	對半切開	반으로 자른다	
R21.prep.6	strings.js · R21	撕成條或切片備用	찢거나 얇게 썬다	
R21.prep.7	strings.js · R21	切絲備用	채 썬다	
R21.prep.8	strings.js · R21	蔥白切段爆香、蔥綠切蔥花起鍋撒	대파 흰 부분은 길이로 썰고, 초록 부분은 송송 썬다	
R21.prep.9	strings.js · R21	切碎成蒜末	다진다	
R17.prep.1	strings.js · R17	舀一勺溫熱（不是滾燙）的高湯，放進番紅花泡至少 30 分鐘	따뜻한(끓지 않은) 육수를 한 국자 덜어 사프란을 최소 30분 우린다	
R17.prep.2	strings.js · R17	切極細末	아주 잘게 다진다	
R17.prep.3	strings.js · R17	分兩份；收尾那份冷藏到要用	두 몫으로 나누고 마무리용은 쓸 때까지 냉장한다	
ING.乾海帶	strings.js · 介面與固定台詞	乾海帶	마른 미역	
ING.中筋麵粉	strings.js · 介面與固定台詞	中筋麵粉	중력분	
ING.滾水	strings.js · 介面與固定台詞	滾水	끓는 물	
ING.冷水	strings.js · 介面與固定台詞	冷水	찬물	
ING.沙拉油	strings.js · 介面與固定台詞	沙拉油	식용유	
ING.油酥	strings.js · 介面與固定台詞	油酥	오일 반죽	
ING.蔥油內餡	strings.js · 介面與固定台詞	蔥油內餡	파 소	
ING.白米	strings.js · 介面與固定台詞	白米	쌀	
ING.熟栗子	strings.js · 介面與固定台詞	熟栗子	맛밤	
ING.米酒	strings.js · 介面與固定台詞	米酒	청주나 소주	
ING.味醂	strings.js · 介面與固定台詞	味醂	미림	
ING.雞腿醃料	strings.js · 介面與固定台詞	雞腿醃料	닭다리살 밑간	
ING.調味汁	strings.js · 介面與固定台詞	調味汁	양념장	
ING.低筋麵粉	strings.js · 介面與固定台詞	低筋麵粉	박력분	
ING.去骨雞腿肉	strings.js · 介面與固定台詞	去骨雞腿肉	닭다리살	
ING.喝的優格	strings.js · 介面與固定台詞	喝的優格	마시는 요거트	
ING.大白菜	strings.js · 介面與固定台詞	大白菜	배추	
ING.大蒜	strings.js · 介面與固定台詞	大蒜	마늘	
ING.大蔥	strings.js · 介面與固定台詞	大蔥	대파	
ING.太白粉	strings.js · 介面與固定台詞	太白粉	감자전분	
ING.奶油	strings.js · 介面與固定台詞	奶油	버터	
ING.小蘇打粉	strings.js · 介面與固定台詞	小蘇打粉	베이킹소다	
ING.昆布魚乾高湯	strings.js · 介面與固定台詞	昆布魚乾高湯	다시마·멸치 육수	
ING.杏鮑菇	strings.js · 介面與固定台詞	杏鮑菇	새송이버섯	
ING.松露橄欖油	strings.js · 介面與固定台詞	松露橄欖油	트러플 올리브오일	
ING.板豆腐	strings.js · 介面與固定台詞	板豆腐	찌개용 두부	
ING.棒棒腿	strings.js · 介面與固定台詞	棒棒腿	닭봉	
ING.橄欖油	strings.js · 介面與固定台詞	橄欖油	올리브오일	
ING.櫛瓜	strings.js · 介面與固定台詞	櫛瓜	애호박	
ING.水	strings.js · 介面與固定台詞	水	물	
ING.水梨汁	strings.js · 介面與固定台詞	水梨汁	배즙	
ING.洋蔥	strings.js · 介面與固定台詞	洋蔥	양파	
ING.煎餅粉或中筋麵粉	strings.js · 介面與固定台詞	煎餅粉或中筋麵粉	부침가루 또는 중력분	
ING.熟成泡菜	strings.js · 介面與固定台詞	熟成泡菜	잘 익은 김치	
ING.熟透香蕉	strings.js · 介面與固定台詞	熟透香蕉	잘 익은 바나나	
ING.牛絞肉	strings.js · 介面與固定台詞	牛絞肉	다진 소고기	
ING.牛肉片	strings.js · 介面與固定台詞	牛肉片	불고기용 소고기	
ING.牛腩	strings.js · 介面與固定台詞	牛腩	양지	
ING.甘栗仁	strings.js · 介面與固定台詞	甘栗仁	깐밤	
ING.生麵條	strings.js · 介面與固定台詞	生麵條	생면	
ING.番茄義大利麵醬	strings.js · 介面與固定台詞	番茄義大利麵醬	토마토 파스타 소스	
ING.白糖	strings.js · 介面與固定台詞	白糖	설탕	
ING.白胡椒粉	strings.js · 介面與固定台詞	白胡椒粉	흰후추	
ING.白醋	strings.js · 介面與固定台詞	白醋	식초	
ING.秀珍菇	strings.js · 介面與固定台詞	秀珍菇	느타리버섯	
ING.紅甜椒	strings.js · 介面與固定台詞	紅甜椒	빨강 파프리카	
ING.紅酒	strings.js · 介面與固定台詞	紅酒	레드와인	
ING.義大利直麵	strings.js · 介面與固定台詞	義大利直麵	스파게티	
ING.胡蘿蔔	strings.js · 介面與固定台詞	胡蘿蔔	당근	
ING.芝麻油	strings.js · 介面與固定台詞	芝麻油	참기름	
ING.菇類	strings.js · 介面與固定台詞	菇類	버섯	
ING.蒜末	strings.js · 介面與固定台詞	蒜末	다진 마늘	
ING.蘑菇	strings.js · 介面與固定台詞	蘑菇	양송이버섯	
ING.蠔油	strings.js · 介面與固定台詞	蠔油	굴소스	
ING.西洋芹	strings.js · 介面與固定台詞	西洋芹	셀러리	
ING.豬五花或梅花肉	strings.js · 介面與固定台詞	豬五花或梅花肉	삼겹살 또는 목살	
ING.豬五花肉	strings.js · 介面與固定台詞	豬五花肉	삼겹살	
ING.豬絞肉	strings.js · 介面與固定台詞	豬絞肉	다진 돼지고기	
ING.義式乾辣椒	strings.js · 介面與固定台詞	義式乾辣椒	페페론치노	
GRP.辣醬鍋醬汁	strings.js · 介面與固定台詞	辣醬鍋醬汁	고추장찌개 양념	
ING.醋	strings.js · 介面與固定台詞	醋	식초	
ING.醬油	strings.js · 介面與固定台詞	醬油	간장	
GRP.醬香炒麵醬汁	strings.js · 介面與固定台詞	醬香炒麵醬汁	간장 볶음면 소스	
ING.雞翅	strings.js · 介面與固定台詞	雞翅	닭날개	
GRP.雞腿醃料	strings.js · 介面與固定台詞	雞腿醃料	닭다리살 밑간 양념	
ING.食用油	strings.js · 介面與固定台詞	食用油	식용유	
ING.雞蛋	strings.js · 介面與固定台詞	雞蛋	달걀	
GRP.靈魂黑金醬汁	strings.js · 介面與固定台詞	靈魂黑金醬汁	비법 간장 양념	
ING.青辣椒	strings.js · 介面與固定台詞	青辣椒	고추	
ING.青陽辣椒	strings.js · 介面與固定台詞	青陽辣椒	청양고추	
ING.韓國櫛瓜	strings.js · 介面與固定台詞	韓國櫛瓜	애호박	
ING.韓式冬粉	strings.js · 介面與固定台詞	韓式冬粉	당면	
ING.韓式湯醬油（可用日式薄口醬油）	strings.js · 介面與固定台詞	韓式湯醬油（可用日式薄口醬油）	국간장 (없으면 우스쿠치 간장)	
ING.牛胸肉	strings.js · 介面與固定台詞	牛胸肉	차돌박이	
ING.淘米水	strings.js · 介面與固定台詞	淘米水	쌀뜨물	
ING.韓式大醬	strings.js · 介面與固定台詞	韓式大醬	된장	
ING.韓式辣椒粉	strings.js · 介面與固定台詞	韓式辣椒粉	고춧가루	
ING.韓式辣椒醬	strings.js · 介面與固定台詞	韓式辣椒醬	고추장	
ING.韓式醃蝦醬（可用少量魚露替代）	strings.js · 介面與固定台詞	韓式醃蝦醬（可用少量魚露替代）	새우젓 (없으면 액젓 약간)	
ING.香草精	strings.js · 介面與固定台詞	香草精	바닐라 익스트랙	
ING.香菇	strings.js · 介面與固定台詞	香菇	표고버섯	
ING.馬鈴薯	strings.js · 介面與固定台詞	馬鈴薯	감자	
ING.高湯	strings.js · 介面與固定台詞	高湯	육수	
ING.鹽	strings.js · 介面與固定台詞	鹽	소금	
ING.黃甜椒	strings.js · 介面與固定台詞	黃甜椒	노랑 파프리카	
GRP.黃金比例梨汁醃醬	strings.js · 介面與固定台詞	黃金比例梨汁醃醬	배즙 불고기 양념	
ING.黑糖	strings.js · 介面與固定台詞	黑糖	흑설탕	
ING.黑胡椒粉	strings.js · 介面與固定台詞	黑胡椒粉	후추	
PGRP.先泡	strings.js · 介面與固定台詞	先泡	미리 불리기	
PGRP.先洗	strings.js · 介面與固定台詞	先洗	씻기	
PGRP.先醃	strings.js · 介面與固定台詞	先醃	미리 재우기	
PGRP.切塊	strings.js · 介面與固定台詞	切塊	큼직하게 썰기	
PGRP.切末	strings.js · 介面與固定台詞	切末	다지기	
PGRP.切段	strings.js · 介面與固定台詞	切段	어슷썰기	
PGRP.切片	strings.js · 介面與固定台詞	切片	얇게 썰기	
PGRP.切絲	strings.js · 介面與固定台詞	切絲	채 썰기	
GRP.糖	strings.js · 介面與固定台詞	糖	설탕	
PGRP.調醬汁	strings.js · 介面與固定台詞	調醬汁	소스 섞기	
GRP.醬醃醬汁	strings.js · 介面與固定台詞	醬醃醬汁	장아찌 간장물	
PGRP.開火前放旁邊	strings.js · 介面與固定台詞	開火前放旁邊	불 켜기 전에 꺼내 두기	
UNIT.1 湯匙 + 2 茶匙	strings.js · 介面與固定台詞	1 湯匙 + 2 茶匙	1큰술 + 2작은술	
UNIT.1/2 湯匙	strings.js · 介面與固定台詞	1/2 湯匙	1/2큰술	
UNIT.1–1.5湯匙	strings.js · 介面與固定台詞	1–1.5湯匙	1–1.5큰술	
UNIT.3 湯匙 + 1.5 茶匙	strings.js · 介面與固定台詞	3 湯匙 + 1.5 茶匙	3큰술 + 1.5작은술	
UNIT.g	strings.js · 介面與固定台詞	g	g	
UNIT.ml	strings.js · 介面與固定台詞	ml	ml	
UNIT.一小撮	strings.js · 介面與固定台詞	一小撮	한 꼬집	
UNIT.包	strings.js · 介面與固定台詞	包	봉지	
UNIT.少許	strings.js · 介面與固定台詞	少許	약간	
UNIT.幾滴	strings.js · 介面與固定台詞	幾滴	몇 방울	
UNIT.支	strings.js · 介面與固定台詞	支	대	
UNIT.數朵	strings.js · 介面與固定台詞	數朵	몇 가닥	
UNIT.朵	strings.js · 介面與固定台詞	朵	개	
UNIT.根	strings.js · 介面與固定台詞	根	개	
UNIT.湯匙	strings.js · 介面與固定台詞	湯匙	큰술	
UNIT.片葉子	strings.js · 介面與固定台詞	片葉子	장	
UNIT.瓣	strings.js · 介面與固定台詞	瓣	쪽	
UNIT.盒	strings.js · 介面與固定台詞	盒	팩	
UNIT.茶匙	strings.js · 介面與固定台詞	茶匙	작은술	
UNIT.顆	strings.js · 介面與固定台詞	顆	개	
TAG.30分鐘上桌	strings.js · 介面與固定台詞	30分鐘上桌	30분 완성	
TAG.一鍋到底	strings.js · 介面與固定台詞	一鍋到底	원팬	
TAG.下午茶	strings.js · 介面與固定台詞	下午茶	간식	
TAG.下班後	strings.js · 介面與固定台詞	下班後	퇴근 후	
TAG.下飯菜	strings.js · 介面與固定台詞	下飯菜	밥도둑	
TAG.剩菜救援	strings.js · 介面與固定台詞	剩菜救援	남은 재료 활용	
TAG.小菜	strings.js · 介面與固定台詞	小菜	밑반찬	
TAG.小酌良伴	strings.js · 介面與固定台詞	小酌良伴	술안주	
TAG.想吃熱的	strings.js · 介面與固定台詞	想吃熱的	뜨끈한 게 당길 때	
TAG.湯	strings.js · 介面與固定台詞	湯	국물요리	
TAG.烘焙	strings.js · 介面與固定台詞	烘焙	베이킹	
TAG.牛肉	strings.js · 介面與固定台詞	牛肉	소고기	
CUI.甜點	strings.js · 介面與固定台詞	甜點	디저트	
TAG.生日	strings.js · 介面與固定台詞	生日	생일	
TAG.蔬菜	strings.js · 介面與固定台詞	蔬菜	채소	
TAG.豬肉	strings.js · 介面與固定台詞	豬肉	돼지고기	
TAG.週末慢慢煮	strings.js · 介面與固定台詞	週末慢慢煮	주말 요리	
TAG.醬料	strings.js · 介面與固定台詞	醬料	소스	
TAG.錢包友善	strings.js · 介面與固定台詞	錢包友善	가성비	
TAG.鍋物	strings.js · 介面與固定台詞	鍋物	냄비요리	
TAG.隔夜更好吃	strings.js · 介面與固定台詞	隔夜更好吃	다음 날 더 맛있어	
TAG.雞肉	strings.js · 介面與固定台詞	雞肉	닭고기	
TAG.韓劇感	strings.js · 介面與固定台詞	韓劇感	집밥 감성	
TAG.麵	strings.js · 介面與固定台詞	麵	면요리	
ING.蕎麥麵	strings.js · 介面與固定台詞	蕎麥麵	메밀면	
ING.青蔥	strings.js · 介面與固定台詞	青蔥	쪽파	
ING.紫蘇油	strings.js · 介面與固定台詞	紫蘇油	들기름	
ING.白芝麻	strings.js · 介面與固定台詞	白芝麻	통깨	
ING.海苔	strings.js · 介面與固定台詞	海苔	김	
ING.蛋黃	strings.js · 介面與固定台詞	蛋黃	노른자	
ING.小黃瓜	strings.js · 介面與固定台詞	小黃瓜	오이	
ING.白醋或檸檬汁	strings.js · 介面與固定台詞	白醋或檸檬汁	식초 또는 레몬즙	
GRP.紫蘇油醬汁	strings.js · 介面與固定台詞	紫蘇油醬汁	들기름 양념장	
ING.蝦子	strings.js · 介面與固定台詞	蝦子	새우	
ING.蘆筍	strings.js · 介面與固定台詞	蘆筍	아스파라거스	
ING.番紅花	strings.js · 介面與固定台詞	番紅花	사프란	
ING.培根	strings.js · 介面與固定台詞	培根	베이컨	
ING.白酒	strings.js · 介面與固定台詞	白酒	화이트와인	
ING.牛骨高湯	strings.js · 介面與固定台詞	牛骨高湯	사골 육수	
ING.檸檬	strings.js · 介面與固定台詞	檸檬	레몬	
ING.松露鹽	strings.js · 介面與固定台詞	松露鹽	트러플 소금	
ING.帕瑪森起司	strings.js · 介面與固定台詞	帕瑪森起司	파르미지아노 치즈	
ING.帕馬森起司粉	strings.js · 介面與固定台詞	帕馬森起司粉	파르미지아노 치즈 가루	
ING.燉飯米	strings.js · 介面與固定台詞	燉飯米	리조또용 쌀	
ING.Guanciale 義式醃豬頰肉	strings.js · 介面與固定台詞	Guanciale 義式醃豬頰肉	관찰레	
ING.San Marzano DOP 去皮整番茄	strings.js · 介面與固定台詞	San Marzano DOP 去皮整番茄	산 마르자노 DOP 홀토마토	
ING.Pecorino Romano	strings.js · 介面與固定台詞	Pecorino Romano	페코리노 로마노	
TAG.海鮮	strings.js · 介面與固定台詞	海鮮	해산물	
UNIT.隻	strings.js · 介面與固定台詞	隻	마리	
UNIT.片	strings.js · 介面與固定台詞	片	장	
UNIT.把	strings.js · 介面與固定台詞	把	단	
UNIT.米杯	strings.js · 介面與固定台詞	米杯	컵 (180ml)	
UNIT.適量	strings.js · 介面與固定台詞	適量	적당량	
CUI.西式	strings.js · 介面與固定台詞	西式	양식	
CUI.中式	strings.js · 介面與固定台詞	台式	대만식	
CUI.義式	strings.js · 介面與固定台詞	義式	이탈리안	
CUI.韓式	strings.js · 介面與固定台詞	韓式	한식	
COUNTER.ING.大蔥|UNIT.根	strings.js · 量詞例外	大蔥|根	대	
COUNTER.ING.西洋芹|UNIT.支	strings.js · 量詞例外	西洋芹|支	대	
COUNTER.ING.秀珍菇|UNIT.數朵	strings.js · 量詞例外	秀珍菇|數朵	몇 가닥	
COUNTER.ING.秀珍菇|UNIT.朵	strings.js · 量詞例外	秀珍菇|朵	가닥	
COUNTER.ING.板豆腐|UNIT.盒	strings.js · 量詞例外	板豆腐|盒	모	
COUNTER.ING.海苔|UNIT.大把	strings.js · 量詞例外	海苔|大把	넉넉히	
COUNTER.ING.小黃瓜|UNIT.根	strings.js · 量詞例外	小黃瓜|根	개	
COUNTER.ING.青蔥|UNIT.根	strings.js · 量詞例外	青蔥|根	뿌리	
COUNTER.ING.蘆筍|UNIT.根	strings.js · 量詞例外	蘆筍|根	대	
COUNTER.ING.培根|UNIT.片	strings.js · 量詞例外	培根|片	장	
COUNTER.ING.大白菜|UNIT.片葉子	strings.js · 量詞例外	大白菜|片葉子	장	
COUNTER.ING.大蒜|UNIT.瓣	strings.js · 量詞例外	大蒜|瓣	쪽	
COUNTER.ING.甘栗仁|UNIT.包	strings.js · 量詞例外	甘栗仁|包	봉지	
COUNTER.ING.熟栗子|UNIT.顆	strings.js · 量詞例外	熟栗子|顆	알	
COUNTER.ING.蘆筍|UNIT.把	strings.js · 量詞例外	蘆筍|把	단	
COUNTER.ING.蝦子|UNIT.隻	strings.js · 量詞例外	蝦子|隻	마리	
COUNTER.ING.洋蔥|UNIT.顆	strings.js · 量詞例外	洋蔥|顆	개	
COUNTER.ING.馬鈴薯|UNIT.顆	strings.js · 量詞例外	馬鈴薯|顆	개	
COUNTER.ING.檸檬|UNIT.顆	strings.js · 量詞例外	檸檬|顆	개	
COUNTER.ING.紅甜椒|UNIT.顆	strings.js · 量詞例外	紅甜椒|顆	개	
COUNTER.ING.黃甜椒|UNIT.顆	strings.js · 量詞例外	黃甜椒|顆	개	
COUNTER.ING.蘑菇|UNIT.顆	strings.js · 量詞例外	蘑菇|顆	개	
COUNTER.ING.雞蛋|UNIT.顆	strings.js · 量詞例外	雞蛋|顆	개	
COUNTER.ING.蛋黃|UNIT.顆	strings.js · 量詞例外	蛋黃|顆	개	
COUNTER.ING.胡蘿蔔|UNIT.根	strings.js · 量詞例外	胡蘿蔔|根	개	
COUNTER.ING.櫛瓜|UNIT.根	strings.js · 量詞例外	櫛瓜|根	개	
COUNTER.ING.韓國櫛瓜|UNIT.根	strings.js · 量詞例外	韓國櫛瓜|根	개	
COUNTER.ING.熟透香蕉|UNIT.根	strings.js · 量詞例外	熟透香蕉|根	개	
COUNTER.ING.杏鮑菇|UNIT.根	strings.js · 量詞例外	杏鮑菇|根	개	
COUNTER.ING.青辣椒|UNIT.根	strings.js · 量詞例外	青辣椒|根	개	
COUNTER.ING.青陽辣椒|UNIT.根	strings.js · 量詞例外	青陽辣椒|根	개	
COUNTER.ING.義式乾辣椒|UNIT.根	strings.js · 量詞例外	義式乾辣椒|根	개	
COUNTER.ING.香菇|UNIT.朵	strings.js · 量詞例外	香菇|朵	개	
NOTE.也可用整隻雞切塊；本食譜採這個組合，因為我就愛	strings.js · 份量括號註	也可用整隻雞切塊；本食譜採這個組合，因為我就愛	통닭을 토막 내서 써도 된다. 이 조합인 건 그냥 내가 좋아해서.	
NOTE.櫛瓜出水 1/2、麵糊調味 1/4	strings.js · 份量括號註	櫛瓜出水 1/2、麵糊調味 1/4	애호박 절임용 1/2, 반죽 간 1/4	
NOTE.炒料與煎餅都要	strings.js · 份量括號註	炒料與煎餅都要	볶을 때와 부칠 때 모두 사용	
NOTE.有豬油優先用，最傳統最香	strings.js · 份量括號註	有豬油優先用，最傳統最香	돼지기름(라드)을 쓰면 더 고소함	
NOTE.約 3–4 根	strings.js · 份量括號註	約 3–4 根	약 3–4대	
NOTE.不到 1 茶匙	strings.js · 份量括號註	不到 1 茶匙	1작은술 미만	
NOTE.每張約 8ml	strings.js · 份量括號註	每張約 8ml	장당 약 8ml	
NOTE.超商的맛밤直接用最方便	strings.js · 份量括號註	超商的맛밤直接用最方便	편의점 맛밤을 쓰면 편리함	
NOTE.約一小把	strings.js · 份量括號註	約一小把	약 한 줌	
NOTE.蔥白爆香、蔥綠當蔥花	strings.js · 份量括號註	蔥白爆香、蔥綠當蔥花	흰 부분은 볶음용, 초록 부분은 고명용	
NOTE.沒有可用清酒代替	strings.js · 份量括號註	沒有可用清酒代替	청주로 대체 가능	
NOTE.沒有可用清酒加半茶匙糖代替	strings.js · 份量括號註	沒有可用清酒加半茶匙糖代替	청주에 설탕 반 작은술 섞어 대체 가능	
NOTE.補乾香菇的鮮味	strings.js · 份量括號註	補乾香菇的鮮味	감칠맛을 더해 줌	
NOTE.約一小把，香菇最香	strings.js · 份量括號註	約一小把，香菇最香	약 한 줌. 표고버섯이 제일 향이 좋다	
NOTE.約 300g	strings.js · 份量括號註	約 300g	약 300g	
NOTE.約 150g	strings.js · 份量括號註	約 150g	약 150g	
NOTE.推薦昆布魚乾或牛骨風味	strings.js · 份量括號註	推薦昆布魚乾或牛骨風味	다시마·멸치나 사골 육수를 추천.	
NOTE.醃牛腩 1.5 茶匙、湯底 1 湯匙，試味再補	strings.js · 份量括號註	醃牛腩 1.5 茶匙、湯底 1 湯匙，試味再補	양지 밑간 1.5작은술, 국물 1큰술. 맛보고 더 넣는다.	
NOTE.推薦 Spaghetti No.5，最剛好	strings.js · 份量括號註	推薦 Spaghetti No.5，最剛好	스파게티 5번이 딱 좋다.	
NOTE.愛吃辣再加，不吃辣可省略	strings.js · 份量括號註	愛吃辣再加，不吃辣可省略	매운 걸 좋아하면 넣고, 아니면 빼도 된다.	
NOTE.熄火後加，有就封神，沒有可省略	strings.js · 份量括號註	熄火後加，有就封神，沒有可省略	불 끄고 넣는다. 있으면 격이 달라지고, 없어도 된다.	
NOTE.關火前	strings.js · 份量括號註	關火前	불 끄기 직전에	
NOTE.蛋汁用	strings.js · 份量括號註	蛋汁用	달걀물용	
NOTE.Barilla 派在此小聲強推	strings.js · 份量括號註	Barilla 派在此小聲強推	바릴라파가 여기서 조용히 추천.	
NOTE.可省略；省略時水多補 1 湯匙	strings.js · 份量括號註	可省略；省略時水多補 1 湯匙	빼도 된다. 뺄 땐 물을 1큰술 더.	
NOTE.只有使用無加糖 100% 天然梨汁時才加；韓國含糖水梨汁不用	strings.js · 份量括號註	只有使用無加糖 100% 天然梨汁時才加；韓國含糖水梨汁不用	무가당 100% 배즙을 쓸 때만. 한국 가당 배즙이면 안 넣는다.	
NOTE.不放也可以	strings.js · 份量括號註	不放也可以	안 올려도 된다.	
NOTE.擺盤用	strings.js · 份量括號註	擺盤用	플레이팅용	
NOTE.牛骨或雞高湯	strings.js · 份量括號註	牛骨或雞高湯	사골 육수 또는 치킨스톡	
NOTE.香菇、杏鮑菇、蘑菇都可以，混著用更好	strings.js · 份量括號註	香菇、杏鮑菇、蘑菇都可以，混著用更好	표고, 새송이, 양송이 모두 가능. 섞어 쓰면 더 좋다.	
NOTE.選香氣新鮮的，這碗差很多	strings.js · 份量括號註	選香氣新鮮的，這碗差很多	향이 신선한 걸로. 이 한 그릇은 여기서 갈린다.	
NOTE.淡醬油基準；換韓式濃醬油先減量	strings.js · 份量括號註	淡醬油基準；換韓式濃醬油先減量	연한 간장 기준. 진간장이면 1.5큰술부터.	
NOTE.別省	strings.js · 份量括號註	別省	아끼지 말 것.	
NOTE.依口味添加	strings.js · 份量括號註	依口味添加	취향에 따라.	
NOTE.Spaghetti 或 Linguine	strings.js · 份量括號註	Spaghetti 或 Linguine	스파게티 또는 링귀네	
NOTE.帶頭帶殼 16/20 大蝦；偷懶買蝦仁也行，少一道蝦頭油	strings.js · 份量括號註	帶頭帶殼 16/20 大蝦；偷懶買蝦仁也行，少一道蝦頭油	머리·껍질 붙은 16/20 사이즈. 귀찮으면 손질 새우도 되지만 새우 기름은 포기.	
NOTE.提味用，不是主角	strings.js · 份量括號註	提味用，不是主角	향을 더하는 용도. 주인공은 아니다.	
NOTE.沒有白酒時，可用清酒或燒酒代替	strings.js · 份量括號註	沒有白酒時，可用清酒或燒酒代替	화이트와인이 없으면 청주나 소주로 대체 가능	
NOTE.皮屑和果汁都要	strings.js · 份量括號註	皮屑和果汁都要	껍질과 즙 모두 쓴다	
NOTE.起鍋前撒	strings.js · 份量括號註	起鍋前撒	마지막에 뿌린다	
NOTE.可省	strings.js · 份量括號註	可省	선택	
NOTE.現磨	strings.js · 份量括號註	現磨	갈아서 바로 쓴다	
NOTE.Carnaroli	strings.js · 份量括號註	Carnaroli	카르나롤리	
NOTE.約 250–300g；嫩頭、中段、硬梗分開用	strings.js · 份量括號註	約 250–300g；嫩頭、中段、硬梗分開用	약 250–300g. 끝부분·가운데·밑동을 나눠서 쓴다.	
NOTE.迷你的最好	strings.js · 份量括號註	迷你的最好	미니 사이즈 추천	
NOTE.約 0.5g 那包的 1/4；剩下密封冷藏	strings.js · 份量括號註	約 0.5g 那包的 1/4；剩下密封冷藏	0.5g 한 봉지의 1/4 정도. 남은 것은 밀봉해 냉장한다.	
NOTE.Bucatini 或 Spaghetti	strings.js · 份量括號註	Bucatini 或 Spaghetti	부카티니 또는 스파게티	
NOTE.整番茄，認明 DOP 標示	strings.js · 份量括號註	整番茄，認明 DOP 標示	홀토마토. DOP 표시를 확인한다.	
NOTE.乾辣椒或辣椒片	strings.js · 份量括號註	乾辣椒或辣椒片	홀이든 플레이크든 상관없다	
NOTE.煮麵水用	strings.js · 份量括號註	煮麵水用	면 삶는 물에 넣는다	
